day,time,session,view,term_view,ad_click,subid1,subid2,subid3,subid4,campaign,country,keyword,useragent
2023-12-07,18:40:24,ac8be97d3f,1,0,0,__CAMPAIGN_NAME__,__AID_NAME__,__C|__AID__|__CAMPAIGN_ID__,2ea22892-2dc4-489c-9dcd-6264c24072f8,767490_Truck Driver Jobs / ZA / AlexIv / [int],PE,,"Mozilla/5.0 (iPhone; CPU iPhone OS 15_5 like Mac OS X) AppleWebKit/605.1.15 (KHTML, like Gecko) Mobile/19F77"
2023-12-07,18:41:06,6f09cf4c97,1,0,0,__CAMPAIGN_NAME__,__AID_NAME__,__C|__AID__|__CAMPAIGN_ID__,5fb569e4-2ead-4bd8-b127-c83901585041,767490_Truck Driver Jobs / ZA / AlexIv / [int],US,,"Mozilla/5.0 (iPhone; CPU iPhone OS 15_5 like Mac OS X) AppleWebKit/605.1.15 (KHTML, like Gecko) Mobile/19F77"
2023-12-07,18:13:36,809f48f143,1,0,0,888600_Find Jobs - BE - [tur], Find Jobs - BE - [tur] ,1784536155190322|1784536155179026|1784536155179010,2aae4de9-a322-486f-9b08-6a08fcd913cb,888600_Find Jobs - BE - [int] - Viktor,BE,,"Mozilla/5.0 (Linux; Android 10; SM-G965F Build/QP1A.190711.020; wv) AppleWebKit/537.36 (KHTML, like Gecko) Version/4.0 Chrome/119.0.6045.193 Mobile Safari/537.36 musical_ly_2023203050 JsSdk/1.0 NetType/WİFİ Channel/googleplay AppName/musical_ly app_v"
2023-12-07,18:16:03,2bc77076d0,1,0,0,888600_Find Jobs - BE - [nl],Find Jobs - BE - [nl] ,1784348560984081|1784348560972833|1784348560972817,65fcd4a1-9cb6-4322-90d5-20aab39789ab,888600_Find Jobs - BE - [int] - Viktor,BE,,"Mozilla/5.0 (Linux; Android 12; SM-G975F Build/SP1A.210812.016; wv) AppleWebKit/537.36 (KHTML, like Gecko) Version/4.0 Chrome/119.0.6045.193 Mobile Safari/537.36 musical_ly_2023204030 JsSdk/1.0 NetType/WIFI Channel/googleplay AppName/musical_ly app_v"
2023-12-07,18:16:08,2bc77076d0,0,1,0,888600_Find Jobs - BE - [nl],Find Jobs - BE - [nl] ,1784348560984081|1784348560972833|1784348560972817,65fcd4a1-9cb6-4322-90d5-20aab39789ab,888600_Find Jobs - BE - [int] - Viktor,BE,Job Vacatures,"Mozilla/5.0 (Linux; Android 12; SM-G975F Build/SP1A.210812.016; wv) AppleWebKit/537.36 (KHTML, like Gecko) Version/4.0 Chrome/119.0.6045.193 Mobile Safari/537.36 musical_ly_2023204030 JsSdk/1.0 NetType/WIFI Channel/googleplay AppName/musical_ly app_v"
2023-12-07,18:16:13,2bc77076d0,0,0,1,888600_Find Jobs - BE - [nl],Find Jobs - BE - [nl] ,1784348560984081|1784348560972833|1784348560972817,65fcd4a1-9cb6-4322-90d5-20aab39789ab,888600_Find Jobs - BE - [int] - Viktor,BE,Job Vacatures,"Mozilla/5.0 (Linux; Android 12; SM-G975F Build/SP1A.210812.016; wv) AppleWebKit/537.36 (KHTML, like Gecko) Version/4.0 Chrome/119.0.6045.193 Mobile Safari/537.36 musical_ly_2023204030 JsSdk/1.0 NetType/WIFI Channel/googleplay AppName/musical_ly app_v"
2023-12-07,18:18:44,2bc77076d0,1,0,0,888600_Find Jobs - BE - [nl],Find Jobs - BE - [nl] ,1784348560984081|1784348560972833|1784348560972817,d5b240bc-4a4d-4945-b3db-098a80e3fe27,888600_Find Jobs - BE - [int] - Viktor,BE,,"Mozilla/5.0 (Linux; Android 12; SM-G975F Build/SP1A.210812.016; wv) AppleWebKit/537.36 (KHTML, like Gecko) Version/4.0 Chrome/119.0.6045.193 Mobile Safari/537.36 musical_ly_2023204030 JsSdk/1.0 NetType/WIFI Channel/googleplay AppName/musical_ly app_v"
2023-12-07,18:18:49,2bc77076d0,0,1,0,888600_Find Jobs - BE - [nl],Find Jobs - BE - [nl] ,1784348560984081|1784348560972833|1784348560972817,d5b240bc-4a4d-4945-b3db-098a80e3fe27,888600_Find Jobs - BE - [int] - Viktor,BE,Find A Job,"Mozilla/5.0 (Linux; Android 12; SM-G975F Build/SP1A.210812.016; wv) AppleWebKit/537.36 (KHTML, like Gecko) Version/4.0 Chrome/119.0.6045.193 Mobile Safari/537.36 musical_ly_2023204030 JsSdk/1.0 NetType/WIFI Channel/googleplay AppName/musical_ly app_v"
2023-12-07,18:19:07,2bc77076d0,0,0,1,888600_Find Jobs - BE - [nl],Find Jobs - BE - [nl] ,1784348560984081|1784348560972833|1784348560972817,d5b240bc-4a4d-4945-b3db-098a80e3fe27,888600_Find Jobs - BE - [int] - Viktor,BE,Find A Job,"Mozilla/5.0 (Linux; Android 12; SM-G975F Build/SP1A.210812.016; wv) AppleWebKit/537.36 (KHTML, like Gecko) Version/4.0 Chrome/119.0.6045.193 Mobile Safari/537.36 musical_ly_2023204030 JsSdk/1.0 NetType/WIFI Channel/googleplay AppName/musical_ly app_v"
2023-12-07,18:19:42,2bc77076d0,1,0,0,888600_Find Jobs - BE - [nl],Find Jobs - BE - [nl] ,1784348560984081|1784348560972833|1784348560972817,6995e3ce-a412-4e98-ae04-028f768441ed,888600_Find Jobs - BE - [int] - Viktor,BE,,"Mozilla/5.0 (Linux; Android 12; SM-G975F Build/SP1A.210812.016; wv) AppleWebKit/537.36 (KHTML, like Gecko) Version/4.0 Chrome/119.0.6045.193 Mobile Safari/537.36 musical_ly_2023204030 JsSdk/1.0 NetType/WIFI Channel/googleplay AppName/musical_ly app_v"
2023-12-07,18:19:50,2bc77076d0,0,1,0,888600_Find Jobs - BE - [nl],Find Jobs - BE - [nl] ,1784348560984081|1784348560972833|1784348560972817,6995e3ce-a412-4e98-ae04-028f768441ed,888600_Find Jobs - BE - [int] - Viktor,BE,It Traineeship Zonder Diploma,"Mozilla/5.0 (Linux; Android 12; SM-G975F Build/SP1A.210812.016; wv) AppleWebKit/537.36 (KHTML, like Gecko) Version/4.0 Chrome/119.0.6045.193 Mobile Safari/537.36 musical_ly_2023204030 JsSdk/1.0 NetType/WIFI Channel/googleplay AppName/musical_ly app_v"
2023-12-07,18:20:04,2bc77076d0,1,0,0,888600_Find Jobs - BE - [nl],Find Jobs - BE - [nl] ,1784348560984081|1784348560972833|1784348560972817,b2fc770e-2961-40cf-8011-dadf4a649c75,888600_Find Jobs - BE - [int] - Viktor,BE,,"Mozilla/5.0 (Linux; Android 12; SM-G975F Build/SP1A.210812.016; wv) AppleWebKit/537.36 (KHTML, like Gecko) Version/4.0 Chrome/119.0.6045.193 Mobile Safari/537.36 musical_ly_2023204030 JsSdk/1.0 NetType/WIFI Channel/googleplay AppName/musical_ly app_v"
2023-12-07,18:20:12,2bc77076d0,0,1,0,888600_Find Jobs - BE - [nl],Find Jobs - BE - [nl] ,1784348560984081|1784348560972833|1784348560972817,b2fc770e-2961-40cf-8011-dadf4a649c75,888600_Find Jobs - BE - [int] - Viktor,BE,Job Vacatures,"Mozilla/5.0 (Linux; Android 12; SM-G975F Build/SP1A.210812.016; wv) AppleWebKit/537.36 (KHTML, like Gecko) Version/4.0 Chrome/119.0.6045.193 Mobile Safari/537.36 musical_ly_2023204030 JsSdk/1.0 NetType/WIFI Channel/googleplay AppName/musical_ly app_v"
2023-12-07,18:20:38,2bc77076d0,1,0,0,888600_Find Jobs - BE - [nl],Find Jobs - BE - [nl] ,1784348560984081|1784348560972833|1784348560972817,247512c4-d84c-43f3-88a4-12ad1930baf5,888600_Find Jobs - BE - [int] - Viktor,BE,,"Mozilla/5.0 (Linux; Android 12; SM-G975F Build/SP1A.210812.016; wv) AppleWebKit/537.36 (KHTML, like Gecko) Version/4.0 Chrome/119.0.6045.193 Mobile Safari/537.36 musical_ly_2023204030 JsSdk/1.0 NetType/WIFI Channel/googleplay AppName/musical_ly app_v"
2023-12-07,18:20:41,2bc77076d0,0,1,0,888600_Find Jobs - BE - [nl],Find Jobs - BE - [nl] ,1784348560984081|1784348560972833|1784348560972817,247512c4-d84c-43f3-88a4-12ad1930baf5,888600_Find Jobs - BE - [int] - Viktor,BE,Find A Job,"Mozilla/5.0 (Linux; Android 12; SM-G975F Build/SP1A.210812.016; wv) AppleWebKit/537.36 (KHTML, like Gecko) Version/4.0 Chrome/119.0.6045.193 Mobile Safari/537.36 musical_ly_2023204030 JsSdk/1.0 NetType/WIFI Channel/googleplay AppName/musical_ly app_v"
2023-12-07,18:21:07,2bc77076d0,0,0,1,888600_Find Jobs - BE - [nl],Find Jobs - BE - [nl] ,1784348560984081|1784348560972833|1784348560972817,247512c4-d84c-43f3-88a4-12ad1930baf5,888600_Find Jobs - BE - [int] - Viktor,BE,Find A Job,"Mozilla/5.0 (Linux; Android 12; SM-G975F Build/SP1A.210812.016; wv) AppleWebKit/537.36 (KHTML, like Gecko) Version/4.0 Chrome/119.0.6045.193 Mobile Safari/537.36 musical_ly_2023204030 JsSdk/1.0 NetType/WIFI Channel/googleplay AppName/musical_ly app_v"
2023-12-07,18:32:59,3fbefcf4cb,1,0,0,888600_Find Jobs - BE - [fa],Find Jobs - BE - [fa] ,1784629665816609|1784629662422017|1784629662421041,1158e18e-7146-483e-abb7-0223fbcba7e9,888600_Find Jobs - BE - [int] - Viktor,BE,,"Mozilla/5.0 (Linux; Android 13; SM-G988U1 Build/TP1A.220624.014; wv) AppleWebKit/537.36 (KHTML, like Gecko) Version/4.0 Chrome/119.0.6045.193 Mobile Safari/537.36 musical_ly_2023204030 JsSdk/1.0 NetType/WIFI Channel/googleplay AppName/musical_ly app_"
2023-12-07,18:33:12,3fbefcf4cb,0,1,0,888600_Find Jobs - BE - [fa],Find Jobs - BE - [fa] ,1784629665816609|1784629662422017|1784629662421041,1158e18e-7146-483e-abb7-0223fbcba7e9,888600_Find Jobs - BE - [int] - Viktor,BE,Medewerker Schoonmaak,"Mozilla/5.0 (Linux; Android 13; SM-G988U1 Build/TP1A.220624.014; wv) AppleWebKit/537.36 (KHTML, like Gecko) Version/4.0 Chrome/119.0.6045.193 Mobile Safari/537.36 musical_ly_2023204030 JsSdk/1.0 NetType/WIFI Channel/googleplay AppName/musical_ly app_"
2023-12-07,18:33:16,3fbefcf4cb,0,0,1,888600_Find Jobs - BE - [fa],Find Jobs - BE - [fa] ,1784629665816609|1784629662422017|1784629662421041,1158e18e-7146-483e-abb7-0223fbcba7e9,888600_Find Jobs - BE - [int] - Viktor,BE,Medewerker Schoonmaak,"Mozilla/5.0 (Linux; Android 13; SM-G988U1 Build/TP1A.220624.014; wv) AppleWebKit/537.36 (KHTML, like Gecko) Version/4.0 Chrome/119.0.6045.193 Mobile Safari/537.36 musical_ly_2023204030 JsSdk/1.0 NetType/WIFI Channel/googleplay AppName/musical_ly app_"
2023-12-07,18:33:17,3fbefcf4cb,0,0,1,888600_Find Jobs - BE - [fa],Find Jobs - BE - [fa] ,1784629665816609|1784629662422017|1784629662421041,1158e18e-7146-483e-abb7-0223fbcba7e9,888600_Find Jobs - BE - [int] - Viktor,BE,Medewerker Schoonmaak,"Mozilla/5.0 (Linux; Android 13; SM-G988U1 Build/TP1A.220624.014; wv) AppleWebKit/537.36 (KHTML, like Gecko) Version/4.0 Chrome/119.0.6045.193 Mobile Safari/537.36 musical_ly_2023204030 JsSdk/1.0 NetType/WIFI Channel/googleplay AppName/musical_ly app_"
2023-12-07,18:38:55,06b2147267,1,0,0,888600_Find Jobs - BE - [fa],Find Jobs - BE - [fa] ,1784629665816609|1784629662422017|1784629662421041,f0c9bb21-6e2c-422a-88c8-b6b704792118,888600_Find Jobs - BE - [int] - Viktor,BE,,"Mozilla/5.0 (iPhone; CPU iPhone OS 17_1_2 like Mac OS X) AppleWebKit/605.1.15 (KHTML, like Gecko) Mobile/15E148 musical_ly_32.3.0 JsSdk/2.0 NetType/WIFI Channel/App Store ByteLocale/en Region/BE isDarkMode/0 WKWebView/1 RevealType/Dialog BytedanceWeb"
2023-12-07,18:39:18,06b2147267,1,0,0,888600_Find Jobs - BE - [fa],Find Jobs - BE - [fa] ,1784629665816609|1784629662422017|1784629662421041,b4e71b6b-a3a3-4bdb-9f2a-f5b8e4c2c7c1,888600_Find Jobs - BE - [int] - Viktor,BE,,"Mozilla/5.0 (iPhone; CPU iPhone OS 17_1_2 like Mac OS X) AppleWebKit/605.1.15 (KHTML, like Gecko) Mobile/15E148 musical_ly_32.3.0 JsSdk/2.0 NetType/WIFI Channel/App Store ByteLocale/en Region/BE isDarkMode/0 WKWebView/1 RevealType/Dialog BytedanceWeb"
2023-12-07,18:39:30,06b2147267,0,1,0,888600_Find Jobs - BE - [fa],Find Jobs - BE - [fa] ,1784629665816609|1784629662422017|1784629662421041,b4e71b6b-a3a3-4bdb-9f2a-f5b8e4c2c7c1,888600_Find Jobs - BE - [int] - Viktor,BE,Job Vacatures,"Mozilla/5.0 (iPhone; CPU iPhone OS 17_1_2 like Mac OS X) AppleWebKit/605.1.15 (KHTML, like Gecko) Mobile/15E148 musical_ly_32.3.0 JsSdk/2.0 NetType/WIFI Channel/App Store ByteLocale/en Region/BE isDarkMode/0 WKWebView/1 RevealType/Dialog BytedanceWeb"
2023-12-07,18:39:32,06b2147267,0,0,1,888600_Find Jobs - BE - [fa],Find Jobs - BE - [fa] ,1784629665816609|1784629662422017|1784629662421041,b4e71b6b-a3a3-4bdb-9f2a-f5b8e4c2c7c1,888600_Find Jobs - BE - [int] - Viktor,BE,Job Vacatures,"Mozilla/5.0 (iPhone; CPU iPhone OS 17_1_2 like Mac OS X) AppleWebKit/605.1.15 (KHTML, like Gecko) Mobile/15E148 musical_ly_32.3.0 JsSdk/2.0 NetType/WIFI Channel/App Store ByteLocale/en Region/BE isDarkMode/0 WKWebView/1 RevealType/Dialog BytedanceWeb"
2023-12-07,18:43:08,3051159f87,1,0,0,888600_Find Jobs - BE - [nl],Find Jobs - BE - [nl] ,1784348560984081|1784348560972833|1784348560972817,12ab6a00-ee55-4823-a6aa-76663b1bf4f8,888600_Find Jobs - BE - [int] - Viktor,BE,,"Mozilla/5.0 (iPhone; CPU iPhone OS 17_2 like Mac OS X) AppleWebKit/605.1.15 (KHTML, like Gecko) Mobile/15E148 musical_ly_32.3.0 JsSdk/2.0 NetType/WIFI Channel/App Store ByteLocale/nl Region/BE isDarkMode/1 WKWebView/1 RevealType/Dialog BytedanceWebvi"
2023-12-07,18:02:24,198d33ba91,1,0,0,888616_Find Jobs - DE - [fa] ,Find Jobs - DE - [fa],1784534844521506|1784534844516354|1784534844515378,277a7743-1faf-4b05-b805-6217c75d8fd4,888616_Find Jobs - DE - [int] - Viktor,DE,,"Mozilla/5.0 (Linux; Android 7.1.2; LM-X210 Build/N2G47H; wv) AppleWebKit/537.36 (KHTML, like Gecko) Version/4.0 Chrome/118.0.0.0 Mobile Safari/537.36 trill_2023108040 JsSdk/1.0 NetType/WIFI Channel/googleplay AppName/musical_ly app_version/31.8.4 Byt"
2023-12-07,18:02:47,198d33ba91,0,1,0,888616_Find Jobs - DE - [fa] ,Find Jobs - DE - [fa],1784534844521506|1784534844516354|1784534844515378,277a7743-1faf-4b05-b805-6217c75d8fd4,888616_Find Jobs - DE - [int] - Viktor,DE,Jobsuche Berlin,"Mozilla/5.0 (Linux; Android 7.1.2; LM-X210 Build/N2G47H; wv) AppleWebKit/537.36 (KHTML, like Gecko) Version/4.0 Chrome/118.0.0.0 Mobile Safari/537.36 trill_2023108040 JsSdk/1.0 NetType/WIFI Channel/googleplay AppName/musical_ly app_version/31.8.4 Byt"
2023-12-07,18:02:59,198d33ba91,0,0,1,888616_Find Jobs - DE - [fa] ,Find Jobs - DE - [fa],1784534844521506|1784534844516354|1784534844515378,277a7743-1faf-4b05-b805-6217c75d8fd4,888616_Find Jobs - DE - [int] - Viktor,DE,Jobsuche Berlin,"Mozilla/5.0 (Linux; Android 7.1.2; LM-X210 Build/N2G47H; wv) AppleWebKit/537.36 (KHTML, like Gecko) Version/4.0 Chrome/118.0.0.0 Mobile Safari/537.36 trill_2023108040 JsSdk/1.0 NetType/WIFI Channel/googleplay AppName/musical_ly app_version/31.8.4 Byt"
2023-12-07,18:03:50,198d33ba91,1,0,0,888616_Find Jobs - DE - [fa] ,Find Jobs - DE - [fa],1784534844521506|1784534844516354|1784534844515378,59410505-3aa7-45ae-8fca-aa2cc06e26bf,888616_Find Jobs - DE - [int] - Viktor,DE,,"Mozilla/5.0 (Linux; Android 7.1.2; LM-X210 Build/N2G47H; wv) AppleWebKit/537.36 (KHTML, like Gecko) Version/4.0 Chrome/118.0.0.0 Mobile Safari/537.36 trill_2023108040 JsSdk/1.0 NetType/WIFI Channel/googleplay AppName/musical_ly app_version/31.8.4 Byt"
2023-12-07,18:04:04,198d33ba91,1,0,0,888616_Find Jobs - DE - [fa] ,Find Jobs - DE - [fa],1784534844521506|1784534844516354|1784534844515378,2c225d33-e7c7-4bef-9a02-737b5bd1c549,888616_Find Jobs - DE - [int] - Viktor,DE,,"Mozilla/5.0 (Linux; Android 7.1.2; LM-X210 Build/N2G47H; wv) AppleWebKit/537.36 (KHTML, like Gecko) Version/4.0 Chrome/118.0.0.0 Mobile Safari/537.36 trill_2023108040 JsSdk/1.0 NetType/WIFI Channel/googleplay AppName/musical_ly app_version/31.8.4 Byt"
2023-12-07,18:04:09,198d33ba91,0,1,0,888616_Find Jobs - DE - [fa] ,Find Jobs - DE - [fa],1784534844521506|1784534844516354|1784534844515378,2c225d33-e7c7-4bef-9a02-737b5bd1c549,888616_Find Jobs - DE - [int] - Viktor,DE,Online Jobs von Zuhause,"Mozilla/5.0 (Linux; Android 7.1.2; LM-X210 Build/N2G47H; wv) AppleWebKit/537.36 (KHTML, like Gecko) Version/4.0 Chrome/118.0.0.0 Mobile Safari/537.36 trill_2023108040 JsSdk/1.0 NetType/WIFI Channel/googleplay AppName/musical_ly app_version/31.8.4 Byt"
2023-12-07,18:04:19,198d33ba91,0,0,1,888616_Find Jobs - DE - [fa] ,Find Jobs - DE - [fa],1784534844521506|1784534844516354|1784534844515378,2c225d33-e7c7-4bef-9a02-737b5bd1c549,888616_Find Jobs - DE - [int] - Viktor,DE,Online Jobs von Zuhause,"Mozilla/5.0 (Linux; Android 7.1.2; LM-X210 Build/N2G47H; wv) AppleWebKit/537.36 (KHTML, like Gecko) Version/4.0 Chrome/118.0.0.0 Mobile Safari/537.36 trill_2023108040 JsSdk/1.0 NetType/WIFI Channel/googleplay AppName/musical_ly app_version/31.8.4 Byt"
2023-12-07,18:04:31,198d33ba91,1,0,0,888616_Find Jobs - DE - [fa] ,Find Jobs - DE - [fa],1784534844521506|1784534844516354|1784534844515378,70c32ba4-9168-4e11-be73-8514a07ea289,888616_Find Jobs - DE - [int] - Viktor,DE,,"Mozilla/5.0 (Linux; Android 7.1.2; LM-X210 Build/N2G47H; wv) AppleWebKit/537.36 (KHTML, like Gecko) Version/4.0 Chrome/118.0.0.0 Mobile Safari/537.36 trill_2023108040 JsSdk/1.0 NetType/WIFI Channel/googleplay AppName/musical_ly app_version/31.8.4 Byt"
2023-12-07,18:04:35,198d33ba91,0,1,0,888616_Find Jobs - DE - [fa] ,Find Jobs - DE - [fa],1784534844521506|1784534844516354|1784534844515378,70c32ba4-9168-4e11-be73-8514a07ea289,888616_Find Jobs - DE - [int] - Viktor,DE,Jobsuche Berlin,"Mozilla/5.0 (Linux; Android 7.1.2; LM-X210 Build/N2G47H; wv) AppleWebKit/537.36 (KHTML, like Gecko) Version/4.0 Chrome/118.0.0.0 Mobile Safari/537.36 trill_2023108040 JsSdk/1.0 NetType/WIFI Channel/googleplay AppName/musical_ly app_version/31.8.4 Byt"
2023-12-07,18:04:41,198d33ba91,0,0,1,888616_Find Jobs - DE - [fa] ,Find Jobs - DE - [fa],1784534844521506|1784534844516354|1784534844515378,70c32ba4-9168-4e11-be73-8514a07ea289,888616_Find Jobs - DE - [int] - Viktor,DE,Jobsuche Berlin,"Mozilla/5.0 (Linux; Android 7.1.2; LM-X210 Build/N2G47H; wv) AppleWebKit/537.36 (KHTML, like Gecko) Version/4.0 Chrome/118.0.0.0 Mobile Safari/537.36 trill_2023108040 JsSdk/1.0 NetType/WIFI Channel/googleplay AppName/musical_ly app_version/31.8.4 Byt"
2023-12-07,18:07:03,198d33ba91,1,0,0,888616_Find Jobs - DE - [fa] ,Find Jobs - DE - [fa],1784534844521506|1784534844516354|1784534844515378,3233cf36-a125-4a2b-8e11-79883f0544bb,888616_Find Jobs - DE - [int] - Viktor,DE,,"Mozilla/5.0 (Linux; Android 7.1.2; LM-X210 Build/N2G47H; wv) AppleWebKit/537.36 (KHTML, like Gecko) Version/4.0 Chrome/118.0.0.0 Mobile Safari/537.36 trill_2023108040 JsSdk/1.0 NetType/WIFI Channel/googleplay AppName/musical_ly app_version/31.8.4 Byt"
2023-12-07,18:07:18,198d33ba91,0,1,0,888616_Find Jobs - DE - [fa] ,Find Jobs - DE - [fa],1784534844521506|1784534844516354|1784534844515378,3233cf36-a125-4a2b-8e11-79883f0544bb,888616_Find Jobs - DE - [int] - Viktor,DE,Jobsuche Berlin,"Mozilla/5.0 (Linux; Android 7.1.2; LM-X210 Build/N2G47H; wv) AppleWebKit/537.36 (KHTML, like Gecko) Version/4.0 Chrome/118.0.0.0 Mobile Safari/537.36 trill_2023108040 JsSdk/1.0 NetType/WIFI Channel/googleplay AppName/musical_ly app_version/31.8.4 Byt"
2023-12-07,18:07:27,198d33ba91,0,0,1,888616_Find Jobs - DE - [fa] ,Find Jobs - DE - [fa],1784534844521506|1784534844516354|1784534844515378,3233cf36-a125-4a2b-8e11-79883f0544bb,888616_Find Jobs - DE - [int] - Viktor,DE,Jobsuche Berlin,"Mozilla/5.0 (Linux; Android 7.1.2; LM-X210 Build/N2G47H; wv) AppleWebKit/537.36 (KHTML, like Gecko) Version/4.0 Chrome/118.0.0.0 Mobile Safari/537.36 trill_2023108040 JsSdk/1.0 NetType/WIFI Channel/googleplay AppName/musical_ly app_version/31.8.4 Byt"
2023-12-07,18:12:27,85d26c1536,1,0,0,888616_Find Jobs - DE - [ua] ,Find Jobs - DE - [ua],1784534226851874|1784534226847762|1784534226847746,df8d865c-f80a-419b-926f-1e64aca90484,888616_Find Jobs - DE - [int] - Viktor,DE,,"Mozilla/5.0 (Linux; Android 12; SM-A135F Build/SP1A.210812.016; wv) AppleWebKit/537.36 (KHTML, like Gecko) Version/4.0 Chrome/119.0.6045.193 Mobile Safari/537.36 musical_ly_2023204030 JsSdk/1.0 NetType/WIFI Channel/googleplay AppName/musical_ly app_v"
2023-12-07,18:12:35,85d26c1536,0,1,0,888616_Find Jobs - DE - [ua] ,Find Jobs - DE - [ua],1784534226851874|1784534226847762|1784534226847746,df8d865c-f80a-419b-926f-1e64aca90484,888616_Find Jobs - DE - [int] - Viktor,DE,Jobsuche Hof,"Mozilla/5.0 (Linux; Android 12; SM-A135F Build/SP1A.210812.016; wv) AppleWebKit/537.36 (KHTML, like Gecko) Version/4.0 Chrome/119.0.6045.193 Mobile Safari/537.36 musical_ly_2023204030 JsSdk/1.0 NetType/WIFI Channel/googleplay AppName/musical_ly app_v"
2023-12-07,18:12:39,85d26c1536,0,0,1,888616_Find Jobs - DE - [ua] ,Find Jobs - DE - [ua],1784534226851874|1784534226847762|1784534226847746,df8d865c-f80a-419b-926f-1e64aca90484,888616_Find Jobs - DE - [int] - Viktor,DE,Jobsuche Hof,"Mozilla/5.0 (Linux; Android 12; SM-A135F Build/SP1A.210812.016; wv) AppleWebKit/537.36 (KHTML, like Gecko) Version/4.0 Chrome/119.0.6045.193 Mobile Safari/537.36 musical_ly_2023204030 JsSdk/1.0 NetType/WIFI Channel/googleplay AppName/musical_ly app_v"
2023-12-07,18:31:24,436553e783,1,0,0,888616_Find Jobs - DE - [fa] ,Find Jobs - DE - [fa],1784534844521506|1784534844516354|1784534844515378,d2f62306-29c0-4d86-8289-1272b7039bfe,888616_Find Jobs - DE - [int] - Viktor,DE,,"Mozilla/5.0 (Linux; Android 12; SM-G975F Build/SP1A.210812.016; wv) AppleWebKit/537.36 (KHTML, like Gecko) Version/4.0 Chrome/119.0.6045.163 Mobile Safari/537.36 musical_ly_2023204030 JsSdk/1.0 NetType/WIFI Channel/googleplay AppName/musical_ly app_v"
2023-12-07,18:51:25,23c1b06b60,1,0,0,888616_Find Jobs - DE - [fr] , Find Jobs - DE - [fr],1784535047191569|1784535047183409|1784535046824994,58178312-a747-4a06-8962-044dd9674775,888616_Find Jobs - DE - [int] - Viktor,DE,,"Mozilla/5.0 (Linux; Android 8.0.0; S41 Build/OPR6.170623.013; wv) AppleWebKit/537.36 (KHTML, like Gecko) Version/4.0 Chrome/119.0.6045.193 Mobile Safari/537.36 musical_ly_2023204030 JsSdk/1.0 NetType/WIFI Channel/googleplay AppName/musical_ly app_ver"
2023-12-07,18:51:34,23c1b06b60,0,1,0,888616_Find Jobs - DE - [fr] , Find Jobs - DE - [fr],1784535047191569|1784535047183409|1784535046824994,58178312-a747-4a06-8962-044dd9674775,888616_Find Jobs - DE - [int] - Viktor,DE,Online Jobs von Zuhause,"Mozilla/5.0 (Linux; Android 8.0.0; S41 Build/OPR6.170623.013; wv) AppleWebKit/537.36 (KHTML, like Gecko) Version/4.0 Chrome/119.0.6045.193 Mobile Safari/537.36 musical_ly_2023204030 JsSdk/1.0 NetType/WIFI Channel/googleplay AppName/musical_ly app_ver"
2023-12-07,18:51:37,23c1b06b60,0,0,1,888616_Find Jobs - DE - [fr] , Find Jobs - DE - [fr],1784535047191569|1784535047183409|1784535046824994,58178312-a747-4a06-8962-044dd9674775,888616_Find Jobs - DE - [int] - Viktor,DE,Online Jobs von Zuhause,"Mozilla/5.0 (Linux; Android 8.0.0; S41 Build/OPR6.170623.013; wv) AppleWebKit/537.36 (KHTML, like Gecko) Version/4.0 Chrome/119.0.6045.193 Mobile Safari/537.36 musical_ly_2023204030 JsSdk/1.0 NetType/WIFI Channel/googleplay AppName/musical_ly app_ver"
2023-12-07,18:54:28,100c20b196,1,0,0,888616_Find Jobs - DE - [fa] ,Find Jobs - DE - [fa],1784534844521506|1784534844516354|1784534844515378,5e6e1c2e-38a3-4676-b22c-3ecdaff2decc,888616_Find Jobs - DE - [int] - Viktor,DE,,"Mozilla/5.0 (Linux; Android 10; SM-A750FN Build/QP1A.190711.020; wv) AppleWebKit/537.36 (KHTML, like Gecko) Version/4.0 Chrome/119.0.6045.193 Mobile Safari/537.36 musical_ly_2023204030 JsSdk/1.0 NetType/WIFI Channel/googleplay AppName/musical_ly app_"
2023-12-07,18:54:44,100c20b196,1,0,0,888616_Find Jobs - DE - [fa] ,Find Jobs - DE - [fa],1784534844521506|1784534844516354|1784534844515378,51b87f80-c774-4cdb-b58b-3ca742e55317,888616_Find Jobs - DE - [int] - Viktor,DE,,"Mozilla/5.0 (Linux; Android 10; SM-A750FN Build/QP1A.190711.020; wv) AppleWebKit/537.36 (KHTML, like Gecko) Version/4.0 Chrome/119.0.6045.193 Mobile Safari/537.36 musical_ly_2023204030 JsSdk/1.0 NetType/WIFI Channel/googleplay AppName/musical_ly app_"
2023-12-07,18:00:11,828efcb48a,1,0,0,888619_Find Jobs - JP - [nep], Find Jobs - JP - [nep],1784533331203073|1784533331196977|1784533331196961,b54dcaef-8fd1-49f4-a43b-d64b2a2052c8,888619_Find Jobs - JP - [int] - Viktor,JP,,"Mozilla/5.0 (iPhone; CPU iPhone OS 15_6_1 like Mac OS X) AppleWebKit/605.1.15 (KHTML, like Gecko) Mobile/15E148 trill_32.1.0 JsSdk/2.0 NetType/4G Channel/App Store ByteLocale/en Region/JP isDarkMode/0 WKWebView/1 RevealType/Dialog BytedanceWebview/d8"
2023-12-07,18:01:49,6e548f3fd0,1,0,0,888619_Find Jobs - JP - [nep], Find Jobs - JP - [nep],1784533331203073|1784533331196977|1784533331196961,147d9851-c806-42bc-982c-10e191c24cc2,888619_Find Jobs - JP - [int] - Viktor,JP,,"Mozilla/5.0 (iPhone; CPU iPhone OS 17_1_2 like Mac OS X) AppleWebKit/605.1.15 (KHTML, like Gecko) Mobile/15E148 trill_32.3.0 JsSdk/2.0 NetType/WIFI Channel/App Store ByteLocale/en Region/JP isDarkMode/0 WKWebView/1 RevealType/Dialog BytedanceWebview/"
2023-12-07,18:01:57,6e548f3fd0,0,1,0,888619_Find Jobs - JP - [nep], Find Jobs - JP - [nep],1784533331203073|1784533331196977|1784533331196961,147d9851-c806-42bc-982c-10e191c24cc2,888619_Find Jobs - JP - [int] - Viktor,JP,パート保育,"Mozilla/5.0 (iPhone; CPU iPhone OS 17_1_2 like Mac OS X) AppleWebKit/605.1.15 (KHTML, like Gecko) Mobile/15E148 trill_32.3.0 JsSdk/2.0 NetType/WIFI Channel/App Store ByteLocale/en Region/JP isDarkMode/0 WKWebView/1 RevealType/Dialog BytedanceWebview/"
2023-12-07,18:02:22,3bd90650e4,1,0,0,888619_Find Jobs - JP - [nep], Find Jobs - JP - [nep],1784533331203073|1784533331196977|1784533331196961,87fab3fc-e21a-4b37-b06e-18294c9ac3fb,888619_Find Jobs - JP - [int] - Viktor,JP,,"Mozilla/5.0 (iPhone; CPU iPhone OS 17_1_2 like Mac OS X) AppleWebKit/605.1.15 (KHTML, like Gecko) Mobile/15E148 trill_32.3.0 JsSdk/2.0 NetType/WIFI Channel/App Store ByteLocale/en Region/JP isDarkMode/0 WKWebView/1 RevealType/Dialog BytedanceWebview/"
2023-12-07,18:08:50,656df821e7,1,0,0,888619_Find Jobs - JP - [nep], Find Jobs - JP - [nep],1784533331203073|1784533331196977|1784533331196961,edb379e0-0961-4732-aa32-1eaac1e522fa,888619_Find Jobs - JP - [int] - Viktor,JP,,"Mozilla/5.0 (iPhone; CPU iPhone OS 15_6_1 like Mac OS X) AppleWebKit/605.1.15 (KHTML, like Gecko) Mobile/15E148 trill_32.3.0 JsSdk/2.0 NetType/WIFI Channel/App Store ByteLocale/en Region/JP isDarkMode/0 WKWebView/1 RevealType/Dialog BytedanceWebview/"
2023-12-07,18:09:10,a88dbccf31,1,0,0,888619_Find%20Jobs%20-%20JP%20-%20%5Bnep%5D,%20Find%20Jobs%20-%20JP%20-%20%5Bnep%5D,1784533331203073|1784533331196977|1784533331196961,0b35fa53-c17d-459a-b9c8-c24a9f6975cc,888619_Find Jobs - JP - [int] - Viktor,JP,,"Mozilla/5.0 (iPhone; CPU iPhone OS 16_7_1 like Mac OS X) AppleWebKit/605.1.15 (KHTML, like Gecko) Mobile/15E148 trill_32.3.0 JsSdk/2.0 NetType/WIFI Channel/App Store ByteLocale/en Region/JP RevealType/Dialog isDarkMode/0 WKWebView/1 BytedanceWebview/"
2023-12-07,18:09:23,a88dbccf31,0,1,0,888619_Find%20Jobs%20-%20JP%20-%20%5Bnep%5D,%20Find%20Jobs%20-%20JP%20-%20%5Bnep%5D,1784533331203073|1784533331196977|1784533331196961,0b35fa53-c17d-459a-b9c8-c24a9f6975cc,888619_Find Jobs - JP - [int] - Viktor,JP,求人 サイト,"Mozilla/5.0 (iPhone; CPU iPhone OS 16_7_1 like Mac OS X) AppleWebKit/605.1.15 (KHTML, like Gecko) Mobile/15E148 trill_32.3.0 JsSdk/2.0 NetType/WIFI Channel/App Store ByteLocale/en Region/JP RevealType/Dialog isDarkMode/0 WKWebView/1 BytedanceWebview/"
2023-12-07,18:09:39,8d24ba6c59,1,0,0,888619_Find Jobs - JP - [nep], Find Jobs - JP - [nep],1784533331203073|1784533331196977|1784533331196961,4c4d653a-e02f-44ab-a3e1-044f92da41df,888619_Find Jobs - JP - [int] - Viktor,JP,,"Mozilla/5.0 (iPhone; CPU iPhone OS 16_7_2 like Mac OS X) AppleWebKit/605.1.15 (KHTML, like Gecko) Mobile/15E148 trill_32.3.0 JsSdk/2.0 NetType/WIFI Channel/App Store ByteLocale/en Region/JP isDarkMode/0 WKWebView/1 RevealType/Dialog BytedanceWebview/"
2023-12-07,18:11:51,04528dcff1,1,0,0,888619_Find Jobs - JP - [nep], Find Jobs - JP - [nep],1784533331203073|1784533331196977|1784533331196961,8341825b-e867-42de-96f9-1382996d0009,888619_Find Jobs - JP - [int] - Viktor,JP,,"Mozilla/5.0 (iPhone; CPU iPhone OS 14_7_1 like Mac OS X) AppleWebKit/605.1.15 (KHTML, like Gecko) Mobile/15E148 trill_32.2.0 JsSdk/2.0 NetType/WIFI Channel/App Store ByteLocale/en Region/JP isDarkMode/0 WKWebView/1 RevealType/Dialog BytedanceWebview/"
2023-12-07,18:13:05,bbf3bdfabd,1,0,0,888619_Find Jobs - JP - [vt], Find Jobs - JP - [vt],1784533537287170|1784533529448498|1784533529448482,15af4c3b-0c7b-4d64-9657-7c87ac5a885c,888619_Find Jobs - JP - [int] - Viktor,JP,,"Mozilla/5.0 (iPhone; CPU iPhone OS 16_4 like Mac OS X) AppleWebKit/605.1.15 (KHTML, like Gecko) Mobile/15E148 trill_32.3.0 JsSdk/2.0 NetType/WIFI Channel/App Store ByteLocale/vi Region/JP isDarkMode/1 WKWebView/1 RevealType/Dialog BytedanceWebview/d8"
2023-12-07,18:13:15,bbf3bdfabd,0,1,0,888619_Find Jobs - JP - [vt], Find Jobs - JP - [vt],1784533537287170|1784533529448498|1784533529448482,15af4c3b-0c7b-4d64-9657-7c87ac5a885c,888619_Find Jobs - JP - [int] - Viktor,JP,パート保育,"Mozilla/5.0 (iPhone; CPU iPhone OS 16_4 like Mac OS X) AppleWebKit/605.1.15 (KHTML, like Gecko) Mobile/15E148 trill_32.3.0 JsSdk/2.0 NetType/WIFI Channel/App Store ByteLocale/vi Region/JP isDarkMode/1 WKWebView/1 RevealType/Dialog BytedanceWebview/d8"
2023-12-07,18:13:23,bbf3bdfabd,0,0,1,888619_Find Jobs - JP - [vt], Find Jobs - JP - [vt],1784533537287170|1784533529448498|1784533529448482,15af4c3b-0c7b-4d64-9657-7c87ac5a885c,888619_Find Jobs - JP - [int] - Viktor,JP,パート保育,"Mozilla/5.0 (iPhone; CPU iPhone OS 16_4 like Mac OS X) AppleWebKit/605.1.15 (KHTML, like Gecko) Mobile/15E148 trill_32.3.0 JsSdk/2.0 NetType/WIFI Channel/App Store ByteLocale/vi Region/JP isDarkMode/1 WKWebView/1 RevealType/Dialog BytedanceWebview/d8"
2023-12-07,18:14:08,f58ad7ccfe,1,0,0,888619_Find Jobs - JP - [vt], Find Jobs - JP - [vt],1784533537287170|1784533529448498|1784533529448482,61334bbc-67ae-4df0-ba96-961bbab89c54,888619_Find Jobs - JP - [int] - Viktor,JP,,"Mozilla/5.0 (Linux; Android 10; CPH1969 Build/QP1A.190711.020; wv) AppleWebKit/537.36 (KHTML, like Gecko) Version/4.0 Chrome/108.0.5359.128 Mobile Safari/537.36 trill_310005 JsSdk/1.0 NetType/WIFI Channel/googleplay AppName/trill app_version/31.0.5 B"
2023-12-07,18:14:22,f58ad7ccfe,0,1,0,888619_Find Jobs - JP - [vt], Find Jobs - JP - [vt],1784533537287170|1784533529448498|1784533529448482,61334bbc-67ae-4df0-ba96-961bbab89c54,888619_Find Jobs - JP - [int] - Viktor,JP,仕事募集正社員,"Mozilla/5.0 (Linux; Android 10; CPH1969 Build/QP1A.190711.020; wv) AppleWebKit/537.36 (KHTML, like Gecko) Version/4.0 Chrome/108.0.5359.128 Mobile Safari/537.36 trill_310005 JsSdk/1.0 NetType/WIFI Channel/googleplay AppName/trill app_version/31.0.5 B"
2023-12-07,18:14:25,f58ad7ccfe,0,0,1,888619_Find Jobs - JP - [vt], Find Jobs - JP - [vt],1784533537287170|1784533529448498|1784533529448482,61334bbc-67ae-4df0-ba96-961bbab89c54,888619_Find Jobs - JP - [int] - Viktor,JP,仕事募集正社員,"Mozilla/5.0 (Linux; Android 10; CPH1969 Build/QP1A.190711.020; wv) AppleWebKit/537.36 (KHTML, like Gecko) Version/4.0 Chrome/108.0.5359.128 Mobile Safari/537.36 trill_310005 JsSdk/1.0 NetType/WIFI Channel/googleplay AppName/trill app_version/31.0.5 B"
2023-12-07,18:14:46,71b6e60f96,1,0,0,888619_Find Jobs - JP - [nep], Find Jobs - JP - [nep],1784533331203073|1784533331196977|1784533331196961,0505cd2c-b5d0-494b-9c77-3cdfb3090831,888619_Find Jobs - JP - [int] - Viktor,JP,,"Mozilla/5.0 (iPhone; CPU iPhone OS 17_1_2 like Mac OS X) AppleWebKit/605.1.15 (KHTML, like Gecko) Mobile/15E148 trill_32.3.0 JsSdk/2.0 NetType/4G Channel/App Store ByteLocale/en Region/JP isDarkMode/0 WKWebView/1 RevealType/Dialog BytedanceWebview/d8"
2023-12-07,18:14:58,869eb43528,1,0,0,888619_Find Jobs - JP - [vt], Find Jobs - JP - [vt],1784533537287170|1784533529448498|1784533529448482,d7223a7f-5cde-4d4d-a6b1-39e1fbd31d62,888619_Find Jobs - JP - [int] - Viktor,JP,,"Mozilla/5.0 (Linux; Android 10; CPH1969 Build/QP1A.190711.020; wv) AppleWebKit/537.36 (KHTML, like Gecko) Version/4.0 Chrome/108.0.5359.128 Mobile Safari/537.36 trill_310005 JsSdk/1.0 NetType/WIFI Channel/googleplay AppName/trill app_version/31.0.5 B"
2023-12-07,18:15:01,869eb43528,0,1,0,888619_Find Jobs - JP - [vt], Find Jobs - JP - [vt],1784533537287170|1784533529448498|1784533529448482,d7223a7f-5cde-4d4d-a6b1-39e1fbd31d62,888619_Find Jobs - JP - [int] - Viktor,JP,看護 師 求人,"Mozilla/5.0 (Linux; Android 10; CPH1969 Build/QP1A.190711.020; wv) AppleWebKit/537.36 (KHTML, like Gecko) Version/4.0 Chrome/108.0.5359.128 Mobile Safari/537.36 trill_310005 JsSdk/1.0 NetType/WIFI Channel/googleplay AppName/trill app_version/31.0.5 B"
2023-12-07,18:15:03,869eb43528,0,0,1,888619_Find Jobs - JP - [vt], Find Jobs - JP - [vt],1784533537287170|1784533529448498|1784533529448482,d7223a7f-5cde-4d4d-a6b1-39e1fbd31d62,888619_Find Jobs - JP - [int] - Viktor,JP,看護 師 求人,"Mozilla/5.0 (Linux; Android 10; CPH1969 Build/QP1A.190711.020; wv) AppleWebKit/537.36 (KHTML, like Gecko) Version/4.0 Chrome/108.0.5359.128 Mobile Safari/537.36 trill_310005 JsSdk/1.0 NetType/WIFI Channel/googleplay AppName/trill app_version/31.0.5 B"
2023-12-07,18:15:14,8270ff604b,1,0,0,888619_Find Jobs - JP - [nep], Find Jobs - JP - [nep],1784533331203073|1784533331196977|1784533331196961,454e841f-00d5-456b-a128-e376cac95bbb,888619_Find Jobs - JP - [int] - Viktor,JP,,"Mozilla/5.0 (iPhone; CPU iPhone OS 17_1_2 like Mac OS X) AppleWebKit/605.1.15 (KHTML, like Gecko) Mobile/15E148 trill_32.3.0 JsSdk/2.0 NetType/WIFI Channel/App Store ByteLocale/en Region/JP isDarkMode/0 WKWebView/1 RevealType/Dialog BytedanceWebview/"
2023-12-07,18:15:20,8270ff604b,0,1,0,888619_Find Jobs - JP - [nep], Find Jobs - JP - [nep],1784533331203073|1784533331196977|1784533331196961,454e841f-00d5-456b-a128-e376cac95bbb,888619_Find Jobs - JP - [int] - Viktor,JP,パート保育,"Mozilla/5.0 (iPhone; CPU iPhone OS 17_1_2 like Mac OS X) AppleWebKit/605.1.15 (KHTML, like Gecko) Mobile/15E148 trill_32.3.0 JsSdk/2.0 NetType/WIFI Channel/App Store ByteLocale/en Region/JP isDarkMode/0 WKWebView/1 RevealType/Dialog BytedanceWebview/"
2023-12-07,18:15:22,8270ff604b,0,0,1,888619_Find Jobs - JP - [nep], Find Jobs - JP - [nep],1784533331203073|1784533331196977|1784533331196961,454e841f-00d5-456b-a128-e376cac95bbb,888619_Find Jobs - JP - [int] - Viktor,JP,パート保育,"Mozilla/5.0 (iPhone; CPU iPhone OS 17_1_2 like Mac OS X) AppleWebKit/605.1.15 (KHTML, like Gecko) Mobile/15E148 trill_32.3.0 JsSdk/2.0 NetType/WIFI Channel/App Store ByteLocale/en Region/JP isDarkMode/0 WKWebView/1 RevealType/Dialog BytedanceWebview/"
2023-12-07,18:19:33,665592af3e,1,0,0,888619_Find Jobs - JP - [vt], Find Jobs - JP - [vt],1784533537287170|1784533529448498|1784533529448482,575d63be-ebff-457b-b538-886a0ecb2dda,888619_Find Jobs - JP - [int] - Viktor,JP,,"Mozilla/5.0 (iPhone; CPU iPhone OS 16_2 like Mac OS X) AppleWebKit/605.1.15 (KHTML, like Gecko) Mobile/15E148 trill_32.3.0 JsSdk/2.0 NetType/WIFI Channel/App Store ByteLocale/vi Region/JP isDarkMode/0 WKWebView/1 RevealType/Dialog BytedanceWebview/d8"
2023-12-07,18:19:48,665592af3e,0,1,0,888619_Find Jobs - JP - [vt], Find Jobs - JP - [vt],1784533537287170|1784533529448498|1784533529448482,575d63be-ebff-457b-b538-886a0ecb2dda,888619_Find Jobs - JP - [int] - Viktor,JP,神戸市 求人,"Mozilla/5.0 (iPhone; CPU iPhone OS 16_2 like Mac OS X) AppleWebKit/605.1.15 (KHTML, like Gecko) Mobile/15E148 trill_32.3.0 JsSdk/2.0 NetType/WIFI Channel/App Store ByteLocale/vi Region/JP isDarkMode/0 WKWebView/1 RevealType/Dialog BytedanceWebview/d8"
2023-12-07,18:21:35,382154ef1b,1,0,0,888619_Find Jobs - JP - [nep], Find Jobs - JP - [nep],1784533331203073|1784533331196977|1784533331196961,f8b90b43-706a-4b8d-a8a4-a73afb714f49,888619_Find Jobs - JP - [int] - Viktor,JP,,"Mozilla/5.0 (iPhone; CPU iPhone OS 17_1_2 like Mac OS X) AppleWebKit/605.1.15 (KHTML, like Gecko) Mobile/15E148 trill_32.3.0 JsSdk/2.0 NetType/WIFI Channel/App Store ByteLocale/en Region/JP isDarkMode/1 WKWebView/1 RevealType/Dialog BytedanceWebview/"
2023-12-07,18:21:42,382154ef1b,0,1,0,888619_Find Jobs - JP - [nep], Find Jobs - JP - [nep],1784533331203073|1784533331196977|1784533331196961,f8b90b43-706a-4b8d-a8a4-a73afb714f49,888619_Find Jobs - JP - [int] - Viktor,JP,パート保育,"Mozilla/5.0 (iPhone; CPU iPhone OS 17_1_2 like Mac OS X) AppleWebKit/605.1.15 (KHTML, like Gecko) Mobile/15E148 trill_32.3.0 JsSdk/2.0 NetType/WIFI Channel/App Store ByteLocale/en Region/JP isDarkMode/1 WKWebView/1 RevealType/Dialog BytedanceWebview/"
2023-12-07,18:22:31,410f41b68a,1,0,0,888619_Find Jobs - JP - [nep], Find Jobs - JP - [nep],1784533331203073|1784533331196977|1784533331196961,e4fb2886-6e7e-4ca3-b575-dfe2e4a5f22f,888619_Find Jobs - JP - [int] - Viktor,JP,,"Mozilla/5.0 (iPhone; CPU iPhone OS 16_0_2 like Mac OS X) AppleWebKit/605.1.15 (KHTML, like Gecko) Mobile/15E148 musical_ly_32.3.0 JsSdk/2.0 NetType/WIFI Channel/App Store ByteLocale/en Region/JP isDarkMode/0 WKWebView/1 RevealType/Dialog BytedanceWeb"
2023-12-07,18:24:20,8385f83973,1,0,0,888619_Find%20Jobs%20-%20JP%20-%20%5Bnep%5D,%20Find%20Jobs%20-%20JP%20-%20%5Bnep%5D,1784533331203073|1784533331196977|1784533331196961,330cac1e-6c26-4c22-bc9b-6cd595784a43,888619_Find Jobs - JP - [int] - Viktor,JP,,"Mozilla/5.0 (iPhone; CPU iPhone OS 16_7_2 like Mac OS X) AppleWebKit/605.1.15 (KHTML, like Gecko) Mobile/15E148 trill_31.4.1 JsSdk/2.0 NetType/WIFI Channel/App Store ByteLocale/en Region/JP RevealType/Dialog isDarkMode/0 WKWebView/1 BytedanceWebview/"
2023-12-07,18:24:28,8385f83973,0,1,0,888619_Find%20Jobs%20-%20JP%20-%20%5Bnep%5D,%20Find%20Jobs%20-%20JP%20-%20%5Bnep%5D,1784533331203073|1784533331196977|1784533331196961,330cac1e-6c26-4c22-bc9b-6cd595784a43,888619_Find Jobs - JP - [int] - Viktor,JP,求人 サイト,"Mozilla/5.0 (iPhone; CPU iPhone OS 16_7_2 like Mac OS X) AppleWebKit/605.1.15 (KHTML, like Gecko) Mobile/15E148 trill_31.4.1 JsSdk/2.0 NetType/WIFI Channel/App Store ByteLocale/en Region/JP RevealType/Dialog isDarkMode/0 WKWebView/1 BytedanceWebview/"
2023-12-07,18:24:32,8385f83973,0,0,1,888619_Find%20Jobs%20-%20JP%20-%20%5Bnep%5D,%20Find%20Jobs%20-%20JP%20-%20%5Bnep%5D,1784533331203073|1784533331196977|1784533331196961,330cac1e-6c26-4c22-bc9b-6cd595784a43,888619_Find Jobs - JP - [int] - Viktor,JP,求人 サイト,"Mozilla/5.0 (iPhone; CPU iPhone OS 16_7_2 like Mac OS X) AppleWebKit/605.1.15 (KHTML, like Gecko) Mobile/15E148 trill_31.4.1 JsSdk/2.0 NetType/WIFI Channel/App Store ByteLocale/en Region/JP RevealType/Dialog isDarkMode/0 WKWebView/1 BytedanceWebview/"
2023-12-07,18:27:24,6d10398bff,1,0,0,888619_Find Jobs - JP - [nep], Find Jobs - JP - [nep],1784533331203073|1784533331196977|1784533331196961,63ce3a52-263f-4e18-82ac-755f07c91275,888619_Find Jobs - JP - [int] - Viktor,JP,,"Mozilla/5.0 (iPhone; CPU iPhone OS 16_6 like Mac OS X) AppleWebKit/605.1.15 (KHTML, like Gecko) Mobile/15E148 trill_32.4.0 JsSdk/2.0 NetType/4G Channel/App Store ByteLocale/en Region/JP isDarkMode/0 WKWebView/1 RevealType/Dialog BytedanceWebview/d8a2"
2023-12-07,18:27:39,14f652dd0b,1,0,0,888619_Find Jobs - JP - [vt], Find Jobs - JP - [vt],1784533537287170|1784533529448498|1784533529448482,bac2d48b-aa75-42a0-9aee-13db44fa6d19,888619_Find Jobs - JP - [int] - Viktor,JP,,"Mozilla/5.0 (iPhone; CPU iPhone OS 16_5 like Mac OS X) AppleWebKit/605.1.15 (KHTML, like Gecko) Mobile/15E148 trill_32.3.0 JsSdk/2.0 NetType/4G Channel/App Store ByteLocale/vi Region/JP isDarkMode/0 WKWebView/1 RevealType/Dialog BytedanceWebview/d8a2"
2023-12-07,18:27:47,14f652dd0b,0,1,0,888619_Find Jobs - JP - [vt], Find Jobs - JP - [vt],1784533537287170|1784533529448498|1784533529448482,bac2d48b-aa75-42a0-9aee-13db44fa6d19,888619_Find Jobs - JP - [int] - Viktor,JP,看護 師 求人,"Mozilla/5.0 (iPhone; CPU iPhone OS 16_5 like Mac OS X) AppleWebKit/605.1.15 (KHTML, like Gecko) Mobile/15E148 trill_32.3.0 JsSdk/2.0 NetType/4G Channel/App Store ByteLocale/vi Region/JP isDarkMode/0 WKWebView/1 RevealType/Dialog BytedanceWebview/d8a2"
2023-12-07,18:28:02,14f652dd0b,0,0,1,888619_Find Jobs - JP - [vt], Find Jobs - JP - [vt],1784533537287170|1784533529448498|1784533529448482,bac2d48b-aa75-42a0-9aee-13db44fa6d19,888619_Find Jobs - JP - [int] - Viktor,JP,看護 師 求人,"Mozilla/5.0 (iPhone; CPU iPhone OS 16_5 like Mac OS X) AppleWebKit/605.1.15 (KHTML, like Gecko) Mobile/15E148 trill_32.3.0 JsSdk/2.0 NetType/4G Channel/App Store ByteLocale/vi Region/JP isDarkMode/0 WKWebView/1 RevealType/Dialog BytedanceWebview/d8a2"
2023-12-07,18:30:08,daeb8ece18,1,0,0,888619_Find Jobs - JP - [nep], Find Jobs - JP - [nep],1784533331203073|1784533331196977|1784533331196961,e183e439-b274-4752-8af7-5a45beee2abf,888619_Find Jobs - JP - [int] - Viktor,JP,,"Mozilla/5.0 (iPhone; CPU iPhone OS 17_1_2 like Mac OS X) AppleWebKit/605.1.15 (KHTML, like Gecko) Mobile/15E148 trill_32.3.0 JsSdk/2.0 NetType/WIFI Channel/App Store ByteLocale/en Region/JP isDarkMode/0 WKWebView/1 RevealType/Dialog BytedanceWebview/"
2023-12-07,18:30:19,daeb8ece18,0,1,0,888619_Find Jobs - JP - [nep], Find Jobs - JP - [nep],1784533331203073|1784533331196977|1784533331196961,e183e439-b274-4752-8af7-5a45beee2abf,888619_Find Jobs - JP - [int] - Viktor,JP,仕事募集正社員,"Mozilla/5.0 (iPhone; CPU iPhone OS 17_1_2 like Mac OS X) AppleWebKit/605.1.15 (KHTML, like Gecko) Mobile/15E148 trill_32.3.0 JsSdk/2.0 NetType/WIFI Channel/App Store ByteLocale/en Region/JP isDarkMode/0 WKWebView/1 RevealType/Dialog BytedanceWebview/"
2023-12-07,18:30:22,daeb8ece18,0,0,1,888619_Find Jobs - JP - [nep], Find Jobs - JP - [nep],1784533331203073|1784533331196977|1784533331196961,e183e439-b274-4752-8af7-5a45beee2abf,888619_Find Jobs - JP - [int] - Viktor,JP,仕事募集正社員,"Mozilla/5.0 (iPhone; CPU iPhone OS 17_1_2 like Mac OS X) AppleWebKit/605.1.15 (KHTML, like Gecko) Mobile/15E148 trill_32.3.0 JsSdk/2.0 NetType/WIFI Channel/App Store ByteLocale/en Region/JP isDarkMode/0 WKWebView/1 RevealType/Dialog BytedanceWebview/"
2023-12-07,18:40:10,4152dfed57,1,0,0,888619_Find Jobs - JP - [nep], Find Jobs - JP - [nep],1784533331203073|1784533331196977|1784533331196961,d6f9771f-62c8-4790-b19e-ae183882bf45,888619_Find Jobs - JP - [int] - Viktor,JP,,"Mozilla/5.0 (iPhone; CPU iPhone OS 17_1_1 like Mac OS X) AppleWebKit/605.1.15 (KHTML, like Gecko) Mobile/15E148 trill_32.2.0 JsSdk/2.0 NetType/4G Channel/App Store ByteLocale/en Region/JP isDarkMode/0 WKWebView/1 RevealType/Dialog BytedanceWebview/d8"
2023-12-07,18:40:22,4152dfed57,0,1,0,888619_Find Jobs - JP - [nep], Find Jobs - JP - [nep],1784533331203073|1784533331196977|1784533331196961,d6f9771f-62c8-4790-b19e-ae183882bf45,888619_Find Jobs - JP - [int] - Viktor,JP,東京 求人,"Mozilla/5.0 (iPhone; CPU iPhone OS 17_1_1 like Mac OS X) AppleWebKit/605.1.15 (KHTML, like Gecko) Mobile/15E148 trill_32.2.0 JsSdk/2.0 NetType/4G Channel/App Store ByteLocale/en Region/JP isDarkMode/0 WKWebView/1 RevealType/Dialog BytedanceWebview/d8"
2023-12-07,18:42:34,35c6b6b8f0,1,0,0,888619_Find%20Jobs%20-%20JP%20-%20%5Bnep%5D,%20Find%20Jobs%20-%20JP%20-%20%5Bnep%5D,1784533331203073|1784533331196977|1784533331196961,9ce4a4d8-8263-487d-8d2f-f36f38314ade,888619_Find Jobs - JP - [int] - Viktor,JP,,"Mozilla/5.0 (iPhone; CPU iPhone OS 16_6 like Mac OS X) AppleWebKit/605.1.15 (KHTML, like Gecko) Mobile/15E148 trill_31.0.0 JsSdk/2.0 NetType/4G Channel/App Store ByteLocale/en Region/JP RevealType/Dialog isDarkMode/0 WKWebView/1 BytedanceWebview/d8a2"
2023-12-07,18:42:44,35c6b6b8f0,0,1,0,888619_Find%20Jobs%20-%20JP%20-%20%5Bnep%5D,%20Find%20Jobs%20-%20JP%20-%20%5Bnep%5D,1784533331203073|1784533331196977|1784533331196961,9ce4a4d8-8263-487d-8d2f-f36f38314ade,888619_Find Jobs - JP - [int] - Viktor,JP,Japan 求人,"Mozilla/5.0 (iPhone; CPU iPhone OS 16_6 like Mac OS X) AppleWebKit/605.1.15 (KHTML, like Gecko) Mobile/15E148 trill_31.0.0 JsSdk/2.0 NetType/4G Channel/App Store ByteLocale/en Region/JP RevealType/Dialog isDarkMode/0 WKWebView/1 BytedanceWebview/d8a2"
2023-12-07,18:42:46,295bc435b8,1,0,0,888619_Find%20Jobs%20-%20JP%20-%20%5Bnep%5D,%20Find%20Jobs%20-%20JP%20-%20%5Bnep%5D,1784533331203073|1784533331196977|1784533331196961,c79df6c0-769f-41d6-a16b-f577ba565d84,888619_Find Jobs - JP - [int] - Viktor,JP,,"Mozilla/5.0 (iPhone; CPU iPhone OS 16_1_1 like Mac OS X) AppleWebKit/605.1.15 (KHTML, like Gecko) Mobile/15E148 trill_31.4.1 JsSdk/2.0 NetType/4G Channel/App Store ByteLocale/en Region/JP RevealType/Dialog isDarkMode/0 WKWebView/1 BytedanceWebview/d8"
2023-12-07,18:43:05,295bc435b8,1,0,0,888619_Find%20Jobs%20-%20JP%20-%20%5Bnep%5D,%20Find%20Jobs%20-%20JP%20-%20%5Bnep%5D,1784533331203073|1784533331196977|1784533331196961,f3701de5-4379-4e16-a1f1-33524bb5d97b,888619_Find Jobs - JP - [int] - Viktor,JP,,"Mozilla/5.0 (iPhone; CPU iPhone OS 16_1_1 like Mac OS X) AppleWebKit/605.1.15 (KHTML, like Gecko) Mobile/15E148 trill_31.4.1 JsSdk/2.0 NetType/4G Channel/App Store ByteLocale/en Region/JP RevealType/Dialog isDarkMode/0 WKWebView/1 BytedanceWebview/d8"
2023-12-07,18:44:12,80860c0c22,1,0,0,888619_Find Jobs - JP - [nep], Find Jobs - JP - [nep],1784533331203073|1784533331196977|1784533331196961,22d6a109-3d92-43c6-a11a-93495f8b65e5,888619_Find Jobs - JP - [int] - Viktor,JP,,"Mozilla/5.0 (iPhone; CPU iPhone OS 17_1_2 like Mac OS X) AppleWebKit/605.1.15 (KHTML, like Gecko) Mobile/15E148 musical_ly_32.3.0 JsSdk/2.0 NetType/WIFI Channel/App Store ByteLocale/en Region/NP isDarkMode/0 WKWebView/1 RevealType/Dialog BytedanceWeb"
2023-12-07,18:44:18,80860c0c22,0,1,0,888619_Find Jobs - JP - [nep], Find Jobs - JP - [nep],1784533331203073|1784533331196977|1784533331196961,22d6a109-3d92-43c6-a11a-93495f8b65e5,888619_Find Jobs - JP - [int] - Viktor,JP,Tokyo 求人,"Mozilla/5.0 (iPhone; CPU iPhone OS 17_1_2 like Mac OS X) AppleWebKit/605.1.15 (KHTML, like Gecko) Mobile/15E148 musical_ly_32.3.0 JsSdk/2.0 NetType/WIFI Channel/App Store ByteLocale/en Region/NP isDarkMode/0 WKWebView/1 RevealType/Dialog BytedanceWeb"
2023-12-07,18:48:22,4cd24ffb79,1,0,0,888619_Find%20Jobs%20-%20JP%20-%20%5Bnep%5D,%20Find%20Jobs%20-%20JP%20-%20%5Bnep%5D,1784533331203073|1784533331196977|1784533331196961,0cf6ded6-7816-4cbf-9b54-867d48160e2b,888619_Find Jobs - JP - [int] - Viktor,JP,,"Mozilla/5.0 (iPhone; CPU iPhone OS 17_1_2 like Mac OS X) AppleWebKit/605.1.15 (KHTML, like Gecko) Mobile/15E148 trill_32.0.0 JsSdk/2.0 NetType/4G Channel/App Store ByteLocale/en Region/JP RevealType/Dialog isDarkMode/0 WKWebView/1 BytedanceWebview/d8"
2023-12-07,18:48:27,4cd24ffb79,0,1,0,888619_Find%20Jobs%20-%20JP%20-%20%5Bnep%5D,%20Find%20Jobs%20-%20JP%20-%20%5Bnep%5D,1784533331203073|1784533331196977|1784533331196961,0cf6ded6-7816-4cbf-9b54-867d48160e2b,888619_Find Jobs - JP - [int] - Viktor,JP,東京 求人,"Mozilla/5.0 (iPhone; CPU iPhone OS 17_1_2 like Mac OS X) AppleWebKit/605.1.15 (KHTML, like Gecko) Mobile/15E148 trill_32.0.0 JsSdk/2.0 NetType/4G Channel/App Store ByteLocale/en Region/JP RevealType/Dialog isDarkMode/0 WKWebView/1 BytedanceWebview/d8"
2023-12-07,18:48:29,4cd24ffb79,0,0,1,888619_Find%20Jobs%20-%20JP%20-%20%5Bnep%5D,%20Find%20Jobs%20-%20JP%20-%20%5Bnep%5D,1784533331203073|1784533331196977|1784533331196961,0cf6ded6-7816-4cbf-9b54-867d48160e2b,888619_Find Jobs - JP - [int] - Viktor,JP,東京 求人,"Mozilla/5.0 (iPhone; CPU iPhone OS 17_1_2 like Mac OS X) AppleWebKit/605.1.15 (KHTML, like Gecko) Mobile/15E148 trill_32.0.0 JsSdk/2.0 NetType/4G Channel/App Store ByteLocale/en Region/JP RevealType/Dialog isDarkMode/0 WKWebView/1 BytedanceWebview/d8"
2023-12-07,18:49:00,34b170507c,1,0,0,888619_Find%20Jobs%20-%20JP%20-%20%5Bvt%5D,%20Find%20Jobs%20-%20JP%20-%20%5Bvt%5D,1784533537287170|1784533529448498|1784533529448482,1eb53711-d8ed-45f5-bf94-c18c304522aa,888619_Find Jobs - JP - [int] - Viktor,JP,,"Mozilla/5.0 (iPhone; CPU iPhone OS 16_6_1 like Mac OS X) AppleWebKit/605.1.15 (KHTML, like Gecko) Mobile/15E148 trill_28.4.0 JsSdk/2.0 NetType/4G Channel/App Store ByteLocale/vi Region/JP RevealType/Dialog isDarkMode/0 WKWebView/1 BytedanceWebview/d8"
2023-12-07,18:49:11,7380d53137,1,0,0,888619_Find Jobs - JP - [nep], Find Jobs - JP - [nep],1784533331203073|1784533331196977|1784533331196961,7b408672-7293-4ef5-8661-a372a301e02e,888619_Find Jobs - JP - [int] - Viktor,JP,,"Mozilla/5.0 (iPhone; CPU iPhone OS 17_1_2 like Mac OS X) AppleWebKit/605.1.15 (KHTML, like Gecko) Mobile/15E148 trill_32.4.0 JsSdk/2.0 NetType/WIFI Channel/App Store ByteLocale/en Region/JP isDarkMode/0 WKWebView/1 RevealType/Dialog BytedanceWebview/"
2023-12-07,18:49:24,7380d53137,0,1,0,888619_Find Jobs - JP - [nep], Find Jobs - JP - [nep],1784533331203073|1784533331196977|1784533331196961,7b408672-7293-4ef5-8661-a372a301e02e,888619_Find Jobs - JP - [int] - Viktor,JP,Nagoya 求人,"Mozilla/5.0 (iPhone; CPU iPhone OS 17_1_2 like Mac OS X) AppleWebKit/605.1.15 (KHTML, like Gecko) Mobile/15E148 trill_32.4.0 JsSdk/2.0 NetType/WIFI Channel/App Store ByteLocale/en Region/JP isDarkMode/0 WKWebView/1 RevealType/Dialog BytedanceWebview/"
2023-12-07,18:49:26,73a5464dca,1,0,0,888619_Find Jobs - JP - [nep], Find Jobs - JP - [nep],1784533331203073|1784533331196977|1784533331196961,8204cea0-bf9c-4487-9184-f855e63743d0,888619_Find Jobs - JP - [int] - Viktor,JP,,"Mozilla/5.0 (iPhone; CPU iPhone OS 17_1_2 like Mac OS X) AppleWebKit/605.1.15 (KHTML, like Gecko) Mobile/15E148 trill_32.3.0 JsSdk/2.0 NetType/WIFI Channel/App Store ByteLocale/en Region/JP isDarkMode/0 WKWebView/1 RevealType/Dialog BytedanceWebview/"
2023-12-07,18:49:42,34b170507c,0,1,0,888619_Find%20Jobs%20-%20JP%20-%20%5Bvt%5D,%20Find%20Jobs%20-%20JP%20-%20%5Bvt%5D,1784533537287170|1784533529448498|1784533529448482,1eb53711-d8ed-45f5-bf94-c18c304522aa,888619_Find Jobs - JP - [int] - Viktor,JP,東京 求人,"Mozilla/5.0 (iPhone; CPU iPhone OS 16_6_1 like Mac OS X) AppleWebKit/605.1.15 (KHTML, like Gecko) Mobile/15E148 trill_28.4.0 JsSdk/2.0 NetType/4G Channel/App Store ByteLocale/vi Region/JP RevealType/Dialog isDarkMode/0 WKWebView/1 BytedanceWebview/d8"
2023-12-07,18:50:09,d46371f115,1,0,0,888619_Find Jobs - JP - [nep], Find Jobs - JP - [nep],1784533331203073|1784533331196977|1784533331196961,42cfbab5-5f9d-434f-97cc-9647fcb032a8,888619_Find Jobs - JP - [int] - Viktor,JP,,"Mozilla/5.0 (iPhone; CPU iPhone OS 17_1_2 like Mac OS X) AppleWebKit/605.1.15 (KHTML, like Gecko) Mobile/15E148 trill_32.3.0 JsSdk/2.0 NetType/WIFI Channel/App Store ByteLocale/en Region/JP isDarkMode/0 WKWebView/1 RevealType/Dialog BytedanceWebview/"
2023-12-07,18:50:20,0f9ffd935d,1,0,0,888619_Find Jobs - JP - [nep], Find Jobs - JP - [nep],1784533331203073|1784533331196977|1784533331196961,f9ede84d-a67f-4a3a-bb89-c835ea026622,888619_Find Jobs - JP - [int] - Viktor,JP,,"Mozilla/5.0 (iPhone; CPU iPhone OS 17_1_2 like Mac OS X) AppleWebKit/605.1.15 (KHTML, like Gecko) Mobile/15E148 trill_32.3.0 JsSdk/2.0 NetType/WIFI Channel/App Store ByteLocale/en Region/JP isDarkMode/0 WKWebView/1 RevealType/Dialog BytedanceWebview/"
2023-12-07,18:52:15,0615c25132,1,0,0,888619_Find Jobs - JP - [vt], Find Jobs - JP - [vt],1784533537287170|1784533529448498|1784533529448482,a68c09be-c45b-4c87-8c27-435b37457667,888619_Find Jobs - JP - [int] - Viktor,JP,,"Mozilla/5.0 (iPhone; CPU iPhone OS 17_1 like Mac OS X) AppleWebKit/605.1.15 (KHTML, like Gecko) Mobile/15E148 trill_32.3.0 JsSdk/2.0 NetType/4G Channel/App Store ByteLocale/vi Region/VN isDarkMode/0 WKWebView/1 RevealType/Dialog BytedanceWebview/d8a2"
2023-12-07,18:52:29,148c31866e,1,0,0,888619_Find Jobs - JP - [vt], Find Jobs - JP - [vt],1784533537287170|1784533529448498|1784533529448482,7909160c-61fe-4647-962a-5aa89a09a82f,888619_Find Jobs - JP - [int] - Viktor,JP,,"Mozilla/5.0 (Linux; Android 12; A102OP Build/SKQ1.210216.001; wv) AppleWebKit/537.36 (KHTML, like Gecko) Version/4.0 Chrome/119.0.6045.193 Mobile Safari/537.36 trill_320403 JsSdk/1.0 NetType/WIFI Channel/googleplay AppName/trill app_version/32.4.3 By"
2023-12-07,18:54:52,85d525635d,1,0,0,888619_Find Jobs - JP - [nep], Find Jobs - JP - [nep],1784533331203073|1784533331196977|1784533331196961,1a968618-a101-4403-9a01-b8bf6a0347f6,888619_Find Jobs - JP - [int] - Viktor,JP,,"Mozilla/5.0 (iPhone; CPU iPhone OS 17_1_2 like Mac OS X) AppleWebKit/605.1.15 (KHTML, like Gecko) Mobile/15E148 trill_32.3.0 JsSdk/2.0 NetType/WIFI Channel/App Store ByteLocale/en Region/JP isDarkMode/0 WKWebView/1 RevealType/Dialog BytedanceWebview/"
2023-12-07,18:54:57,85d525635d,0,1,0,888619_Find Jobs - JP - [nep], Find Jobs - JP - [nep],1784533331203073|1784533331196977|1784533331196961,1a968618-a101-4403-9a01-b8bf6a0347f6,888619_Find Jobs - JP - [int] - Viktor,JP,東京 求人,"Mozilla/5.0 (iPhone; CPU iPhone OS 17_1_2 like Mac OS X) AppleWebKit/605.1.15 (KHTML, like Gecko) Mobile/15E148 trill_32.3.0 JsSdk/2.0 NetType/WIFI Channel/App Store ByteLocale/en Region/JP isDarkMode/0 WKWebView/1 RevealType/Dialog BytedanceWebview/"
2023-12-07,18:55:32,4138232365,1,0,0,888619_Find%20Jobs%20-%20JP%20-%20%5Bnep%5D,%20Find%20Jobs%20-%20JP%20-%20%5Bnep%5D,1784533331203073|1784533331196977|1784533331196961,c767936d-ecba-46a4-93af-a12f104eee13,888619_Find Jobs - JP - [int] - Viktor,JP,,"Mozilla/5.0 (iPhone; CPU iPhone OS 14_8 like Mac OS X) AppleWebKit/605.1.15 (KHTML, like Gecko) Mobile/15E148 trill_29.7.0 JsSdk/2.0 NetType/WIFI Channel/App Store ByteLocale/en Region/JP RevealType/Dialog isDarkMode/0 WKWebView/1 BytedanceWebview/d8"
2023-12-07,18:56:26,921c5582fd,1,0,0,888619_Find Jobs - JP - [nep], Find Jobs - JP - [nep],1784533331203073|1784533331196977|1784533331196961,a9ce79cf-1097-4ac7-8309-488e5924e13e,888619_Find Jobs - JP - [int] - Viktor,JP,,"Mozilla/5.0 (iPhone; CPU iPhone OS 17_1_2 like Mac OS X) AppleWebKit/605.1.15 (KHTML, like Gecko) Mobile/15E148 trill_32.3.0 JsSdk/2.0 NetType/WIFI Channel/App Store ByteLocale/en Region/JP isDarkMode/0 WKWebView/1 RevealType/Dialog BytedanceWebview/"
2023-12-07,18:57:24,1b857f346d,1,0,0,888619_Find%20Jobs%20-%20JP%20-%20%5Bnep%5D,%20Find%20Jobs%20-%20JP%20-%20%5Bnep%5D,1784533331203073|1784533331196977|1784533331196961,19c2403e-ab22-4ded-9bb0-42b07e64ec0f,888619_Find Jobs - JP - [int] - Viktor,JP,,"Mozilla/5.0 (iPhone; CPU iPhone OS 14_7_1 like Mac OS X) AppleWebKit/605.1.15 (KHTML, like Gecko) Mobile/15E148 trill_22.5.0 JsSdk/2.0 NetType/4G Channel/App Store ByteLocale/en Region/JP RevealType/Dialog isDarkMode/0 WKWebView/1 BytedanceWebview/d8"
2023-12-07,18:57:34,1b857f346d,0,1,0,888619_Find%20Jobs%20-%20JP%20-%20%5Bnep%5D,%20Find%20Jobs%20-%20JP%20-%20%5Bnep%5D,1784533331203073|1784533331196977|1784533331196961,19c2403e-ab22-4ded-9bb0-42b07e64ec0f,888619_Find Jobs - JP - [int] - Viktor,JP,Japan 求人,"Mozilla/5.0 (iPhone; CPU iPhone OS 14_7_1 like Mac OS X) AppleWebKit/605.1.15 (KHTML, like Gecko) Mobile/15E148 trill_22.5.0 JsSdk/2.0 NetType/4G Channel/App Store ByteLocale/en Region/JP RevealType/Dialog isDarkMode/0 WKWebView/1 BytedanceWebview/d8"
2023-12-07,18:57:48,48eda2b409,1,0,0,888619_Find%20Jobs%20-%20JP%20-%20%5Bnep%5D,%20Find%20Jobs%20-%20JP%20-%20%5Bnep%5D,1784533331203073|1784533331196977|1784533331196961,cf680778-df2d-452d-b875-318fff2ee9ab,888619_Find Jobs - JP - [int] - Viktor,JP,,"Mozilla/5.0 (iPhone; CPU iPhone OS 14_7_1 like Mac OS X) AppleWebKit/605.1.15 (KHTML, like Gecko) Mobile/15E148 trill_22.5.0 JsSdk/2.0 NetType/4G Channel/App Store ByteLocale/en Region/JP RevealType/Dialog isDarkMode/0 WKWebView/1 BytedanceWebview/d8"
2023-12-07,18:33:50,6d1e6a02b5,1,0,0,907442_Find Jobs - GB - [fa],Find Jobs - GB - [fa],1784630279425026|1784630279376914|1784630273879041,7a7549ed-a15d-4e80-b2e7-84606dd8d13a,907442_Find Jobs - GB - [int] - Viktor,GB,,"Mozilla/5.0 (iPhone; CPU iPhone OS 16_3_1 like Mac OS X) AppleWebKit/605.1.15 (KHTML, like Gecko) Mobile/15E148 musical_ly_32.2.0 JsSdk/2.0 NetType/WIFI Channel/App Store ByteLocale/en Region/GB isDarkMode/0 WKWebView/1 RevealType/Dialog BytedanceWeb"
2023-12-07,18:34:06,6d1e6a02b5,0,1,0,907442_Find Jobs - GB - [fa],Find Jobs - GB - [fa],1784630279425026|1784630279376914|1784630273879041,7a7549ed-a15d-4e80-b2e7-84606dd8d13a,907442_Find Jobs - GB - [int] - Viktor,GB,Find Jobs,"Mozilla/5.0 (iPhone; CPU iPhone OS 16_3_1 like Mac OS X) AppleWebKit/605.1.15 (KHTML, like Gecko) Mobile/15E148 musical_ly_32.2.0 JsSdk/2.0 NetType/WIFI Channel/App Store ByteLocale/en Region/GB isDarkMode/0 WKWebView/1 RevealType/Dialog BytedanceWeb"
2023-12-07,18:34:16,6d1e6a02b5,0,0,1,907442_Find Jobs - GB - [fa],Find Jobs - GB - [fa],1784630279425026|1784630279376914|1784630273879041,7a7549ed-a15d-4e80-b2e7-84606dd8d13a,907442_Find Jobs - GB - [int] - Viktor,GB,Find Jobs,"Mozilla/5.0 (iPhone; CPU iPhone OS 16_3_1 like Mac OS X) AppleWebKit/605.1.15 (KHTML, like Gecko) Mobile/15E148 musical_ly_32.2.0 JsSdk/2.0 NetType/WIFI Channel/App Store ByteLocale/en Region/GB isDarkMode/0 WKWebView/1 RevealType/Dialog BytedanceWeb"
2023-12-07,18:35:15,303bbc232f,1,0,0,907442_Find Jobs - GB - [fa],Find Jobs - GB - [fa],1784630279425026|1784630279376914|1784630273879041,1a41ec15-9657-49a1-b61a-007a5ce9414d,907442_Find Jobs - GB - [int] - Viktor,GB,,"Mozilla/5.0 (iPhone; CPU iPhone OS 16_6_1 like Mac OS X) AppleWebKit/605.1.15 (KHTML, like Gecko) Mobile/15E148 musical_ly_32.3.0 JsSdk/2.0 NetType/WIFI Channel/App Store ByteLocale/en Region/GB isDarkMode/0 WKWebView/1 RevealType/Dialog BytedanceWeb"
2023-12-07,18:35:18,303bbc232f,0,1,0,907442_Find Jobs - GB - [fa],Find Jobs - GB - [fa],1784630279425026|1784630279376914|1784630273879041,1a41ec15-9657-49a1-b61a-007a5ce9414d,907442_Find Jobs - GB - [int] - Viktor,GB,Job Apply,"Mozilla/5.0 (iPhone; CPU iPhone OS 16_6_1 like Mac OS X) AppleWebKit/605.1.15 (KHTML, like Gecko) Mobile/15E148 musical_ly_32.3.0 JsSdk/2.0 NetType/WIFI Channel/App Store ByteLocale/en Region/GB isDarkMode/0 WKWebView/1 RevealType/Dialog BytedanceWeb"
2023-12-07,18:35:19,303bbc232f,0,0,1,907442_Find Jobs - GB - [fa],Find Jobs - GB - [fa],1784630279425026|1784630279376914|1784630273879041,1a41ec15-9657-49a1-b61a-007a5ce9414d,907442_Find Jobs - GB - [int] - Viktor,GB,Job Apply,"Mozilla/5.0 (iPhone; CPU iPhone OS 16_6_1 like Mac OS X) AppleWebKit/605.1.15 (KHTML, like Gecko) Mobile/15E148 musical_ly_32.3.0 JsSdk/2.0 NetType/WIFI Channel/App Store ByteLocale/en Region/GB isDarkMode/0 WKWebView/1 RevealType/Dialog BytedanceWeb"
2023-12-07,18:35:46,303bbc232f,1,0,0,907442_Find Jobs - GB - [fa],Find Jobs - GB - [fa],1784630279425026|1784630279376914|1784630273879041,3b431652-6cc7-4307-a01b-286b973f0433,907442_Find Jobs - GB - [int] - Viktor,GB,,"Mozilla/5.0 (iPhone; CPU iPhone OS 16_6_1 like Mac OS X) AppleWebKit/605.1.15 (KHTML, like Gecko) Mobile/15E148 musical_ly_32.3.0 JsSdk/2.0 NetType/WIFI Channel/App Store ByteLocale/en Region/GB isDarkMode/0 WKWebView/1 RevealType/Dialog BytedanceWeb"
2023-12-07,18:35:51,303bbc232f,0,1,0,907442_Find Jobs - GB - [fa],Find Jobs - GB - [fa],1784630279425026|1784630279376914|1784630273879041,3b431652-6cc7-4307-a01b-286b973f0433,907442_Find Jobs - GB - [int] - Viktor,GB,Find Jobs,"Mozilla/5.0 (iPhone; CPU iPhone OS 16_6_1 like Mac OS X) AppleWebKit/605.1.15 (KHTML, like Gecko) Mobile/15E148 musical_ly_32.3.0 JsSdk/2.0 NetType/WIFI Channel/App Store ByteLocale/en Region/GB isDarkMode/0 WKWebView/1 RevealType/Dialog BytedanceWeb"
2023-12-07,18:35:52,303bbc232f,0,0,1,907442_Find Jobs - GB - [fa],Find Jobs - GB - [fa],1784630279425026|1784630279376914|1784630273879041,3b431652-6cc7-4307-a01b-286b973f0433,907442_Find Jobs - GB - [int] - Viktor,GB,Find Jobs,"Mozilla/5.0 (iPhone; CPU iPhone OS 16_6_1 like Mac OS X) AppleWebKit/605.1.15 (KHTML, like Gecko) Mobile/15E148 musical_ly_32.3.0 JsSdk/2.0 NetType/WIFI Channel/App Store ByteLocale/en Region/GB isDarkMode/0 WKWebView/1 RevealType/Dialog BytedanceWeb"
2023-12-07,18:36:03,303bbc232f,1,0,0,907442_Find Jobs - GB - [fa],Find Jobs - GB - [fa],1784630279425026|1784630279376914|1784630273879041,a39eeac3-f2ea-4e23-aafa-4cdab1926dd2,907442_Find Jobs - GB - [int] - Viktor,GB,,"Mozilla/5.0 (iPhone; CPU iPhone OS 16_6_1 like Mac OS X) AppleWebKit/605.1.15 (KHTML, like Gecko) Mobile/15E148 musical_ly_32.3.0 JsSdk/2.0 NetType/WIFI Channel/App Store ByteLocale/en Region/GB isDarkMode/0 WKWebView/1 RevealType/Dialog BytedanceWeb"
2023-12-07,18:36:06,303bbc232f,0,1,0,907442_Find Jobs - GB - [fa],Find Jobs - GB - [fa],1784630279425026|1784630279376914|1784630273879041,a39eeac3-f2ea-4e23-aafa-4cdab1926dd2,907442_Find Jobs - GB - [int] - Viktor,GB,Part Time Work Opportunities,"Mozilla/5.0 (iPhone; CPU iPhone OS 16_6_1 like Mac OS X) AppleWebKit/605.1.15 (KHTML, like Gecko) Mobile/15E148 musical_ly_32.3.0 JsSdk/2.0 NetType/WIFI Channel/App Store ByteLocale/en Region/GB isDarkMode/0 WKWebView/1 RevealType/Dialog BytedanceWeb"
2023-12-07,18:36:08,303bbc232f,0,0,1,907442_Find Jobs - GB - [fa],Find Jobs - GB - [fa],1784630279425026|1784630279376914|1784630273879041,a39eeac3-f2ea-4e23-aafa-4cdab1926dd2,907442_Find Jobs - GB - [int] - Viktor,GB,Part Time Work Opportunities,"Mozilla/5.0 (iPhone; CPU iPhone OS 16_6_1 like Mac OS X) AppleWebKit/605.1.15 (KHTML, like Gecko) Mobile/15E148 musical_ly_32.3.0 JsSdk/2.0 NetType/WIFI Channel/App Store ByteLocale/en Region/GB isDarkMode/0 WKWebView/1 RevealType/Dialog BytedanceWeb"
2023-12-07,18:46:44,231cc6346a,1,0,0,907442_Find Jobs - GB - [fa],Find Jobs - GB - [fa],1784630279425026|1784630279376914|1784630273879041,1af8b979-e989-4081-8a3d-9c1aeaf9d5df,907442_Find Jobs - GB - [int] - Viktor,GB,,"Mozilla/5.0 (Linux; Android 13; IN2023 Build/RKQ1.211119.001; wv) AppleWebKit/537.36 (KHTML, like Gecko) Version/4.0 Chrome/119.0.6045.193 Mobile Safari/537.36 musical_ly_2023204030 JsSdk/1.0 NetType/WIFI Channel/googleplay AppName/musical_ly app_ver"
2023-12-07,18:46:47,231cc6346a,0,1,0,907442_Find Jobs - GB - [fa],Find Jobs - GB - [fa],1784630279425026|1784630279376914|1784630273879041,1af8b979-e989-4081-8a3d-9c1aeaf9d5df,907442_Find Jobs - GB - [int] - Viktor,GB,Job Apply,"Mozilla/5.0 (Linux; Android 13; IN2023 Build/RKQ1.211119.001; wv) AppleWebKit/537.36 (KHTML, like Gecko) Version/4.0 Chrome/119.0.6045.193 Mobile Safari/537.36 musical_ly_2023204030 JsSdk/1.0 NetType/WIFI Channel/googleplay AppName/musical_ly app_ver"
2023-12-07,18:46:49,231cc6346a,0,0,1,907442_Find Jobs - GB - [fa],Find Jobs - GB - [fa],1784630279425026|1784630279376914|1784630273879041,1af8b979-e989-4081-8a3d-9c1aeaf9d5df,907442_Find Jobs - GB - [int] - Viktor,GB,Job Apply,"Mozilla/5.0 (Linux; Android 13; IN2023 Build/RKQ1.211119.001; wv) AppleWebKit/537.36 (KHTML, like Gecko) Version/4.0 Chrome/119.0.6045.193 Mobile Safari/537.36 musical_ly_2023204030 JsSdk/1.0 NetType/WIFI Channel/googleplay AppName/musical_ly app_ver"
2023-12-07,18:50:53,650723d521,1,0,0,907442_Find Jobs - GB - [fa],Find Jobs - GB - [fa],1784630279425026|1784630279376914|1784630273879041,3c93dc95-e8bd-4494-8b0e-997add695c4a,907442_Find Jobs - GB - [int] - Viktor,GB,,"Mozilla/5.0 (iPhone; CPU iPhone OS 16_6_1 like Mac OS X) AppleWebKit/605.1.15 (KHTML, like Gecko) Mobile/15E148 musical_ly_32.3.0 JsSdk/2.0 NetType/WIFI Channel/App Store ByteLocale/en Region/GB isDarkMode/0 WKWebView/1 RevealType/Dialog BytedanceWeb"
2023-12-07,18:51:00,650723d521,0,1,0,907442_Find Jobs - GB - [fa],Find Jobs - GB - [fa],1784630279425026|1784630279376914|1784630273879041,3c93dc95-e8bd-4494-8b0e-997add695c4a,907442_Find Jobs - GB - [int] - Viktor,GB,Job Apply,"Mozilla/5.0 (iPhone; CPU iPhone OS 16_6_1 like Mac OS X) AppleWebKit/605.1.15 (KHTML, like Gecko) Mobile/15E148 musical_ly_32.3.0 JsSdk/2.0 NetType/WIFI Channel/App Store ByteLocale/en Region/GB isDarkMode/0 WKWebView/1 RevealType/Dialog BytedanceWeb"
2023-12-07,18:51:02,650723d521,0,0,1,907442_Find Jobs - GB - [fa],Find Jobs - GB - [fa],1784630279425026|1784630279376914|1784630273879041,3c93dc95-e8bd-4494-8b0e-997add695c4a,907442_Find Jobs - GB - [int] - Viktor,GB,Job Apply,"Mozilla/5.0 (iPhone; CPU iPhone OS 16_6_1 like Mac OS X) AppleWebKit/605.1.15 (KHTML, like Gecko) Mobile/15E148 musical_ly_32.3.0 JsSdk/2.0 NetType/WIFI Channel/App Store ByteLocale/en Region/GB isDarkMode/0 WKWebView/1 RevealType/Dialog BytedanceWeb"
2023-12-07,18:52:22,963721f687,1,0,0,907442_Find Jobs - GB - [fa],Find Jobs - GB - [fa],1784630279425026|1784630279376914|1784630273879041,da538446-81d2-462a-9de9-2bc5899a9d92,907442_Find Jobs - GB - [int] - Viktor,GB,,"Mozilla/5.0 (Linux; Android 10; SM-N960F Build/QP1A.190711.020; wv) AppleWebKit/537.36 (KHTML, like Gecko) Version/4.0 Chrome/119.0.6045.193 Mobile Safari/537.36 musical_ly_2023203050 JsSdk/1.0 NetType/WIFI Channel/googleplay AppName/musical_ly app_v"
2023-12-07,18:52:36,963721f687,0,1,0,907442_Find Jobs - GB - [fa],Find Jobs - GB - [fa],1784630279425026|1784630279376914|1784630273879041,da538446-81d2-462a-9de9-2bc5899a9d92,907442_Find Jobs - GB - [int] - Viktor,GB,Part Time Work Opportunities,"Mozilla/5.0 (Linux; Android 10; SM-N960F Build/QP1A.190711.020; wv) AppleWebKit/537.36 (KHTML, like Gecko) Version/4.0 Chrome/119.0.6045.193 Mobile Safari/537.36 musical_ly_2023203050 JsSdk/1.0 NetType/WIFI Channel/googleplay AppName/musical_ly app_v"
2023-12-07,18:52:41,963721f687,0,0,1,907442_Find Jobs - GB - [fa],Find Jobs - GB - [fa],1784630279425026|1784630279376914|1784630273879041,da538446-81d2-462a-9de9-2bc5899a9d92,907442_Find Jobs - GB - [int] - Viktor,GB,Part Time Work Opportunities,"Mozilla/5.0 (Linux; Android 10; SM-N960F Build/QP1A.190711.020; wv) AppleWebKit/537.36 (KHTML, like Gecko) Version/4.0 Chrome/119.0.6045.193 Mobile Safari/537.36 musical_ly_2023203050 JsSdk/1.0 NetType/WIFI Channel/googleplay AppName/musical_ly app_v"
2023-12-07,18:53:05,963721f687,1,0,0,907442_Find Jobs - GB - [fa],Find Jobs - GB - [fa],1784630279425026|1784630279376914|1784630273879041,2f9af0a5-63e6-4cb6-84a7-68769f658c43,907442_Find Jobs - GB - [int] - Viktor,GB,,"Mozilla/5.0 (Linux; Android 10; SM-N960F Build/QP1A.190711.020; wv) AppleWebKit/537.36 (KHTML, like Gecko) Version/4.0 Chrome/119.0.6045.193 Mobile Safari/537.36 musical_ly_2023203050 JsSdk/1.0 NetType/WIFI Channel/googleplay AppName/musical_ly app_v"
2023-12-07,18:53:08,963721f687,0,1,0,907442_Find Jobs - GB - [fa],Find Jobs - GB - [fa],1784630279425026|1784630279376914|1784630273879041,2f9af0a5-63e6-4cb6-84a7-68769f658c43,907442_Find Jobs - GB - [int] - Viktor,GB,Job Apply,"Mozilla/5.0 (Linux; Android 10; SM-N960F Build/QP1A.190711.020; wv) AppleWebKit/537.36 (KHTML, like Gecko) Version/4.0 Chrome/119.0.6045.193 Mobile Safari/537.36 musical_ly_2023203050 JsSdk/1.0 NetType/WIFI Channel/googleplay AppName/musical_ly app_v"
2023-12-07,18:53:10,963721f687,0,0,1,907442_Find Jobs - GB - [fa],Find Jobs - GB - [fa],1784630279425026|1784630279376914|1784630273879041,2f9af0a5-63e6-4cb6-84a7-68769f658c43,907442_Find Jobs - GB - [int] - Viktor,GB,Job Apply,"Mozilla/5.0 (Linux; Android 10; SM-N960F Build/QP1A.190711.020; wv) AppleWebKit/537.36 (KHTML, like Gecko) Version/4.0 Chrome/119.0.6045.193 Mobile Safari/537.36 musical_ly_2023203050 JsSdk/1.0 NetType/WIFI Channel/googleplay AppName/musical_ly app_v"
2023-12-07,18:56:17,3398c60001,1,0,0,907442_Find Jobs - GB - [fa],__AID_NAME__,1784630279425026|1784630279376914|1784630273879041,0a732dc7-999b-4fde-bbc1-b2ab3d2cbfe5,907442_Find Jobs - GB - [int] - Viktor,GB,,"Mozilla/5.0 (Linux; Android 8.1.0; SM-G610F Build/M1AJQ; wv) AppleWebKit/537.36 (KHTML, like Gecko) Version/4.0 Chrome/108.0.5359.97 Mobile Safari/537.36 trill_2022605000 JsSdk/1.0 NetType/WIFI Channel/googleplay AppName/musical_ly app_version/26.5.0"
2023-12-07,18:56:35,4016beb11f,1,0,0,907442_Find Jobs - GB - [fa],__AID_NAME__,1784630279425026|1784630279376914|1784630273879041,0fbd47e6-d14e-4720-afa0-7325f0bd1bbb,907442_Find Jobs - GB - [int] - Viktor,GB,,"Mozilla/5.0 (iPhone; CPU iPhone OS 12_4_5 like Mac OS X) AppleWebKit/605.1.15 (KHTML, like Gecko) Mobile/15E148 musical_ly_26.5.5 JsSdk/2.0 NetType/WIFI Channel/App Store ByteLocale/en Region/GB AppSkin/white RevealType/Dialog WKWebView/1 BytedanceWe"
2023-12-07,18:23:26,4126c48990,1,0,0,907513_Find%20Jobs%20-%20FR%20-%20%5Bfa%5D,Find%20Jobs%20-%20FR%20-%20%5Bfa%5D,1784631919126530|1784631914760194|1784631914759218,1d57e306-8aa2-4c33-b6a1-fa3914c71cd7,907513_Find Jobs - FR - [int] - Viktor,FR,,"Mozilla/5.0 (iPhone; CPU iPhone OS 16_5 like Mac OS X) AppleWebKit/605.1.15 (KHTML, like Gecko) Mobile/15E148 musical_ly_31.7.0 JsSdk/2.0 NetType/4G Channel/App Store ByteLocale/en Region/FR RevealType/Dialog isDarkMode/0 WKWebView/1 BytedanceWebview"
2023-12-07,18:30:50,04b22a13c4,1,0,0,907513_Find Jobs - FR - [ro], Find Jobs - FR - [ro],1784632820405282|1784632816901121|1784632816895025,d02720b9-04dc-474c-83aa-c61e372b21f5,907513_Find Jobs - FR - [int] - Viktor,DE,,"Mozilla/5.0 (Linux; Android 13; SM-A725F Build/TP1A.220624.014; wv) AppleWebKit/537.36 (KHTML, like Gecko) Version/4.0 Chrome/118.0.0.0 Mobile Safari/537.36 trill_2023109030 JsSdk/1.0 NetType/WIFI Channel/googleplay AppName/musical_ly app_version/31."
2023-12-07,18:36:03,3179dfdf27,1,0,0,907513_Find%20Jobs%20-%20FR%20-%20%5Bfa%5D,Find%20Jobs%20-%20FR%20-%20%5Bfa%5D,1784631919126530|1784631914760194|1784631914759218,1642f290-fc5c-42a3-af65-6c2018a0b078,907513_Find Jobs - FR - [int] - Viktor,FR,,"Mozilla/5.0 (iPhone; CPU iPhone OS 17_0_3 like Mac OS X) AppleWebKit/605.1.15 (KHTML, like Gecko) Mobile/15E148 musical_ly_32.0.0 JsSdk/2.0 NetType/2G Channel/App Store ByteLocale/en Region/FR RevealType/Dialog isDarkMode/0 WKWebView/1 BytedanceWebvi"
2023-12-07,18:36:11,3179dfdf27,0,1,0,907513_Find%20Jobs%20-%20FR%20-%20%5Bfa%5D,Find%20Jobs%20-%20FR%20-%20%5Bfa%5D,1784631919126530|1784631914760194|1784631914759218,1642f290-fc5c-42a3-af65-6c2018a0b078,907513_Find Jobs - FR - [int] - Viktor,FR,Find Jobs,"Mozilla/5.0 (iPhone; CPU iPhone OS 17_0_3 like Mac OS X) AppleWebKit/605.1.15 (KHTML, like Gecko) Mobile/15E148 musical_ly_32.0.0 JsSdk/2.0 NetType/2G Channel/App Store ByteLocale/en Region/FR RevealType/Dialog isDarkMode/0 WKWebView/1 BytedanceWebvi"
2023-12-07,18:36:17,3179dfdf27,0,0,1,907513_Find%20Jobs%20-%20FR%20-%20%5Bfa%5D,Find%20Jobs%20-%20FR%20-%20%5Bfa%5D,1784631919126530|1784631914760194|1784631914759218,1642f290-fc5c-42a3-af65-6c2018a0b078,907513_Find Jobs - FR - [int] - Viktor,FR,Find Jobs,"Mozilla/5.0 (iPhone; CPU iPhone OS 17_0_3 like Mac OS X) AppleWebKit/605.1.15 (KHTML, like Gecko) Mobile/15E148 musical_ly_32.0.0 JsSdk/2.0 NetType/2G Channel/App Store ByteLocale/en Region/FR RevealType/Dialog isDarkMode/0 WKWebView/1 BytedanceWebvi"
2023-12-07,18:36:18,3179dfdf27,0,0,1,907513_Find%20Jobs%20-%20FR%20-%20%5Bfa%5D,Find%20Jobs%20-%20FR%20-%20%5Bfa%5D,1784631919126530|1784631914760194|1784631914759218,1642f290-fc5c-42a3-af65-6c2018a0b078,907513_Find Jobs - FR - [int] - Viktor,FR,Find Jobs,"Mozilla/5.0 (iPhone; CPU iPhone OS 17_0_3 like Mac OS X) AppleWebKit/605.1.15 (KHTML, like Gecko) Mobile/15E148 musical_ly_32.0.0 JsSdk/2.0 NetType/2G Channel/App Store ByteLocale/en Region/FR RevealType/Dialog isDarkMode/0 WKWebView/1 BytedanceWebvi"
2023-12-07,18:46:30,281909cdeb,1,0,0,907513_Find Jobs - FR - [fa],Find Jobs - FR - [fa],1784631919126530|1784631914760194|1784631914759218,6e789fee-170e-48e6-9dbb-818f2400c2a2,907513_Find Jobs - FR - [int] - Viktor,FR,,"Mozilla/5.0 (Linux; Android 12; SM-S901B Build/SP1A.210812.016; wv) AppleWebKit/537.36 (KHTML, like Gecko) Version/4.0 Chrome/99.0.4844.88 Mobile Safari/537.36 trill_2023000000 JsSdk/1.0 NetType/MOBILE Channel/sfrpreload AppName/musical_ly app_versio"
2023-12-07,18:46:37,281909cdeb,0,1,0,907513_Find Jobs - FR - [fa],Find Jobs - FR - [fa],1784631919126530|1784631914760194|1784631914759218,6e789fee-170e-48e6-9dbb-818f2400c2a2,907513_Find Jobs - FR - [int] - Viktor,FR,Sites de Recrutement,"Mozilla/5.0 (Linux; Android 12; SM-S901B Build/SP1A.210812.016; wv) AppleWebKit/537.36 (KHTML, like Gecko) Version/4.0 Chrome/99.0.4844.88 Mobile Safari/537.36 trill_2023000000 JsSdk/1.0 NetType/MOBILE Channel/sfrpreload AppName/musical_ly app_versio"
2023-12-07,18:46:40,281909cdeb,0,0,1,907513_Find Jobs - FR - [fa],Find Jobs - FR - [fa],1784631919126530|1784631914760194|1784631914759218,6e789fee-170e-48e6-9dbb-818f2400c2a2,907513_Find Jobs - FR - [int] - Viktor,FR,Sites de Recrutement,"Mozilla/5.0 (Linux; Android 12; SM-S901B Build/SP1A.210812.016; wv) AppleWebKit/537.36 (KHTML, like Gecko) Version/4.0 Chrome/99.0.4844.88 Mobile Safari/537.36 trill_2023000000 JsSdk/1.0 NetType/MOBILE Channel/sfrpreload AppName/musical_ly app_versio"
2023-12-07,18:47:10,ca49ec8b98,1,0,0,907513_Find Jobs - FR - [ro], Find Jobs - FR - [ro],1784632820405282|1784632816901121|1784632816895025,76975c8e-c20a-4f3f-8380-b1b987381c8c,907513_Find Jobs - FR - [int] - Viktor,FR,,"Mozilla/5.0 (Linux; Android 13; SM-A225F Build/TP1A.220624.014; wv) AppleWebKit/537.36 (KHTML, like Gecko) Version/4.0 Chrome/117.0.0.0 Mobile Safari/537.36 musical_ly_2023204030 JsSdk/1.0 NetType/MOBILE Channel/googleplay AppName/musical_ly app_vers"
2023-12-07,18:01:05,958f832e3c,1,0,0,__CAMPAIGN_NAME__,__AID_NAME__,__CID__|__AID__|__CAMPAIGN_ID__,5fb5d460-c7e0-4490-ae33-6703d3cae1fe,907522_Find Jobs - NL - [int] - Viktor,ES,,"Mozilla/5.0 (iPhone; CPU iPhone OS 13_2_3 like Mac OS X) AppleWebKit/605.1.15 (KHTML, like Gecko) Version/13.0.3 Mobile/15E148 Safari/604.1"
2023-12-07,18:01:16,2adcc695a3,1,0,0,907522_Find Jobs - NL - [fa],__AID_NAME__,1784633589264433|1784633589259281|1784633589259265,3a6ad1c9-bfb9-4072-8ac5-d43199069b8a,907522_Find Jobs - NL - [int] - Viktor,NL,,"Mozilla/5.0 (Linux; Android 9; SM-A505F; wv) AppleWebKit/537.36 (KHTML, like Gecko) Version/4.0 Chrome/72.0.3626.105 Mobile Safari/537.36 trill_2022606040 JsSdk/1.0 NetType/WIFI Channel/googleplay AppName/musical_ly app_version/26.6.4 ByteLocale/nl B"
2023-12-07,18:01:24,abffc12e09,1,0,0,907522_Find Jobs - NL - [fa],__AID_NAME__,1784633589264433|1784633589259281|1784633589259265,e1d8d8d8-8b0a-4f69-ae40-d21b608a5cb2,907522_Find Jobs - NL - [int] - Viktor,NL,,"Mozilla/5.0 (iPhone; CPU iPhone OS 12_4_5 like Mac OS X) AppleWebKit/605.1.15 (KHTML, like Gecko) Mobile/15E148 musical_ly_26.3.4 JsSdk/2.0 NetType/WIFI Channel/App Store ByteLocale/nl Region/NL AppSkin/white RevealType/Dialog WKWebView/1 BytedanceWe"
2023-12-07,18:01:32,652cc3281c,1,0,0,907522_Find Jobs - NL - [fa],__AID_NAME__,1784633589264433|1784633589259281|1784633589259265,75ca5f70-d034-40ee-9542-804e6776cb3c,907522_Find Jobs - NL - [int] - Viktor,NL,,"Mozilla/5.0 (iPhone; CPU iPhone OS 13_4_1 like Mac OS X) AppleWebKit/605.1.15 (KHTML, like Gecko) Mobile/15E148 musical_ly_26.5.0 JsSdk/2.0 NetType/WIFI Channel/App Store ByteLocale/nl Region/NL AppSkin/white RevealType/Dialog WKWebView/1 BytedanceWe"
2023-12-07,18:02:23,6a1eec9128,1,0,0,__CAMPAIGN_NAME__,__AID_NAME__,__CID__|__AID__|__CAMPAIGN_ID__,49a26481-0409-4af5-963d-d3714ddbadd8,907522_Find Jobs - NL - [int] - Viktor,NL,,"Mozilla/5.0 (iPhone; CPU iPhone OS 15_5 like Mac OS X) AppleWebKit/605.1.15 (KHTML, like Gecko) Mobile/19F77"
2023-12-07,18:02:40,7156fd3b52,1,0,0,__CAMPAIGN_NAME__,__AID_NAME__,__CID__|__AID__|__CAMPAIGN_ID__,faa7d00c-0551-49e8-9692-392e925728f2,907522_Find Jobs - NL - [int] - Viktor,NL,,"Mozilla/5.0 (iPhone; CPU iPhone OS 15_5 like Mac OS X) AppleWebKit/605.1.15 (KHTML, like Gecko) Mobile/19F77"
2023-12-07,18:08:17,53158da1f4,1,0,0,__CAMPAIGN_NAME__,__AID_NAME__,__CID__|__AID__|__CAMPAIGN_ID__,c13ce22d-63bc-48d9-9995-a8372d72801b,907522_Find Jobs - NL - [int] - Viktor,NL,,"Mozilla/5.0 (iPhone; CPU iPhone OS 15_5 like Mac OS X) AppleWebKit/605.1.15 (KHTML, like Gecko) Mobile/19F77"
2023-12-07,18:08:17,111e91a3bf,1,0,0,__CAMPAIGN_NAME__,__AID_NAME__,__CID__|__AID__|__CAMPAIGN_ID__,9900ced9-0aea-404a-9cba-d76e8ab1bdc6,907522_Find Jobs - NL - [int] - Viktor,NL,,"Mozilla/5.0 (iPhone; CPU iPhone OS 15_5 like Mac OS X) AppleWebKit/605.1.15 (KHTML, like Gecko) Mobile/19F77"
2023-12-07,18:09:43,839666f7fd,1,0,0,907522_Find Jobs - NL - [ar] ,__AID_NAME__,1784633868873729|1784633862214658|1784633862213682,5fb0b551-6ba2-4604-8d58-191d86c6d13b,907522_Find Jobs - NL - [int] - Viktor,NL,,"Mozilla/5.0 (Linux; Android 10; SAMSUNG SM-G975U; wv) AppleWebKit/537.36 (KHTML, like Gecko) Version/4.0 SamsungBrowser/11.0 Chrome/75.0.3770.143 Mobile Safari/537.36 trill_2022604050 JsSdk/1.0 NetType/WIFI Channel/googleplay AppName/musical_ly app_v"
2023-12-07,18:09:43,8161cdf04e,1,0,0,907522_Find Jobs - NL - [ar] ,__AID_NAME__,1784633868873729|1784633862214658|1784633862213682,7e476a7f-b278-4062-b381-ce61f58b4709,907522_Find Jobs - NL - [int] - Viktor,NL,,"Mozilla/5.0 (Linux; Android 9; Redmi Note 7 Build/PKQ1.180904.001; wv) AppleWebKit/537.36 (KHTML, like Gecko) Version/4.0 Chrome/69.0.3497.100 Mobile Safari/537.36 trill_2022604050 JsSdk/1.0 NetType/WIFI Channel/googleplay AppName/musical_ly app_vers"
2023-12-07,18:10:01,c595bc2fb4,1,0,0,907522_Find Jobs - NL - [ar] ,__AID_NAME__,1784633868873729|1784633862214658|1784633862213682,5d610c1b-c316-4795-b677-fe0eff6251ed,907522_Find Jobs - NL - [int] - Viktor,NL,,"Mozilla/5.0 (iPhone; CPU iPhone OS 13_4_1 like Mac OS X) AppleWebKit/605.1.15 (KHTML, like Gecko) Mobile/15E148 musical_ly_26.4.2 JsSdk/2.0 NetType/WIFI Channel/App Store ByteLocale/nl Region/NL AppSkin/white RevealType/Dialog WKWebView/1 BytedanceWe"
2023-12-07,18:10:32,c7aeb2770b,1,0,0,907522_Find Jobs - NL - [fa],__AID_NAME__,1784633589264433|1784633589259281|1784633589259265,ef867fa9-b33b-44eb-a72b-a5d32579d831,907522_Find Jobs - NL - [int] - Viktor,NL,,"Mozilla/5.0 (Linux; Android 8.1.0; SM-G610F Build/M1AJQ; wv) AppleWebKit/537.36 (KHTML, like Gecko) Version/4.0 Chrome/108.0.5359.97 Mobile Safari/537.36 trill_2022605000 JsSdk/1.0 NetType/WIFI Channel/googleplay AppName/musical_ly app_version/26.5.0"
2023-12-07,18:11:39,17712712f3,1,0,0,907522_Find Jobs - NL - [ar] ,__AID_NAME__,1784633868873729|1784633862214658|1784633862213682,0d34e946-b0a9-48b5-b9b8-c89218e7ec72,907522_Find Jobs - NL - [int] - Viktor,NL,,"Mozilla/5.0 (Linux; Android 9; CPH1931; wv) AppleWebKit/537.36 (KHTML, like Gecko) Version/4.0 Chrome/78.0.3904.62 Mobile Safari/537.36 trill_2022603040 JsSdk/1.0 NetType/WIFI Channel/googleplay AppName/musical_ly app_version/26.3.4 ByteLocale/nl Byt"
2023-12-07,18:14:39,372ee724aa,1,0,0,907522_Find Jobs - NL - [tur],__AID_NAME__,1784634187290626|1784634187283506|1784634187283490,0ea61ee7-6d59-428e-bfec-b4849d019cee,907522_Find Jobs - NL - [int] - Viktor,NL,,"Mozilla/5.0 (iPhone; CPU iPhone OS 13_4_1 like Mac OS X) AppleWebKit/605.1.15 (KHTML, like Gecko) Mobile/15E148 musical_ly_26.5.0 JsSdk/2.0 NetType/WIFI Channel/App Store ByteLocale/nl Region/NL AppSkin/white RevealType/Dialog WKWebView/1 BytedanceWe"
2023-12-07,18:14:39,8e91e02ff1,1,0,0,907522_Find Jobs - NL - [tur],__AID_NAME__,1784634187290626|1784634187283506|1784634187283490,2cb5739a-3aa2-4590-baa2-23cfce9ecd0f,907522_Find Jobs - NL - [int] - Viktor,NL,,"Mozilla/5.0 (iPhone; CPU iPhone OS 13_4_1 like Mac OS X) AppleWebKit/605.1.15 (KHTML, like Gecko) Mobile/15E148 musical_ly_26.5.0 JsSdk/2.0 NetType/WIFI Channel/App Store ByteLocale/nl Region/NL AppSkin/white RevealType/Dialog WKWebView/1 BytedanceWe"
2023-12-07,18:15:05,dfc395192a,1,0,0,907522_Find Jobs - NL - [tur],__AID_NAME__,1784634187290626|1784634187283506|1784634187283490,525da49a-4bad-458b-a1f6-badd7c2b5ea8,907522_Find Jobs - NL - [int] - Viktor,NL,,"Mozilla/5.0 (Linux; Android 9; Redmi Note 7 Build/PKQ1.180904.001; wv) AppleWebKit/537.36 (KHTML, like Gecko) Version/4.0 Chrome/69.0.3497.100 Mobile Safari/537.36 trill_2022604050 JsSdk/1.0 NetType/WIFI Channel/googleplay AppName/musical_ly app_vers"
2023-12-07,18:16:09,30f12c5432,1,0,0,__CAMPAIGN_NAME__,__AID_NAME__,__CID__|__AID__|__CAMPAIGN_ID__,0a125753-079b-4a76-b3c4-6ec6e338f1c7,907522_Find Jobs - NL - [int] - Viktor,NL,,"Mozilla/5.0 (iPhone; CPU iPhone OS 15_5 like Mac OS X) AppleWebKit/605.1.15 (KHTML, like Gecko) Mobile/19F77"
2023-12-07,18:16:11,62ffa83dea,1,0,0,__CAMPAIGN_NAME__,__AID_NAME__,__CID__|__AID__|__CAMPAIGN_ID__,93590c0e-9770-451a-8765-f84d4b8201db,907522_Find Jobs - NL - [int] - Viktor,NL,,"Mozilla/5.0 (iPhone; CPU iPhone OS 15_5 like Mac OS X) AppleWebKit/605.1.15 (KHTML, like Gecko) Mobile/19F77"
2023-12-07,18:21:40,974aa9258a,1,0,0,907522_Find Jobs - NL - [tur],__AID_NAME__,1784634187290626|1784634187283506|1784634187283490,f43ffce5-1ba5-4223-8cd1-b2e692d01f16,907522_Find Jobs - NL - [int] - Viktor,NL,,"Mozilla/5.0 (Linux; Android 9; Redmi Note 7 Build/PKQ1.180904.001; wv) AppleWebKit/537.36 (KHTML, like Gecko) Version/4.0 Chrome/69.0.3497.100 Mobile Safari/537.36 trill_2022605000 JsSdk/1.0 NetType/WIFI Channel/googleplay AppName/musical_ly app_vers"
2023-12-07,18:25:43,24c80a0a34,1,0,0,907522_Find Jobs - NL - [fa],__AID_NAME__,1784633589264433|1784633589259281|1784633589259265,90bd934f-0a4d-4a89-bb7d-8f6273364dc0,907522_Find Jobs - NL - [int] - Viktor,NL,,"Mozilla/5.0 (iPhone; CPU iPhone OS 13_4_1 like Mac OS X) AppleWebKit/605.1.15 (KHTML, like Gecko) Mobile/15E148 musical_ly_26.5.0 JsSdk/2.0 NetType/WIFI Channel/App Store ByteLocale/nl Region/NL AppSkin/white RevealType/Dialog WKWebView/1 BytedanceWe"
2023-12-07,18:40:27,3a3fa97bee,1,0,0,907522_Find Jobs - NL - [ar] ,__AID_NAME__,1784633868873729|1784633862214658|1784633862213682,d30ba839-683c-47f7-8236-d1a4222c028d,907522_Find Jobs - NL - [int] - Viktor,NL,,"Mozilla/5.0 (Linux; Android 9; Redmi Note 7 Build/PKQ1.180904.001; wv) AppleWebKit/537.36 (KHTML, like Gecko) Version/4.0 Chrome/69.0.3497.100 Mobile Safari/537.36 trill_2022604020 JsSdk/1.0 NetType/WIFI Channel/googleplay AppName/musical_ly app_vers"
2023-12-07,18:46:09,6ff6639f83,1,0,0,907522_Find Jobs - NL - [tur],__AID_NAME__,1784634187290626|1784634187283506|1784634187283490,bc45a82d-fa41-415e-9e85-cbc0cafec93a,907522_Find Jobs - NL - [int] - Viktor,NL,,"Mozilla/5.0 (iPhone; CPU iPhone OS 12_4_6 like Mac OS X) AppleWebKit/605.1.15 (KHTML, like Gecko) Mobile/15E148 musical_ly_26.4.5 JsSdk/2.0 NetType/WIFI Channel/App Store ByteLocale/nl Region/NL AppSkin/white RevealType/Dialog WKWebView/1 BytedanceWe"